d,o,h,l,c,v,p
2026-03-05 10:00:00,2983.400,2984.600,2975.000,2975.800,2239,55420
2026-03-05 10:15:00,2978.200,2986.400,2975.600,2986.200,1666,54755
2026-03-05 10:30:00,2986.200,2987.400,2981.200,2986.800,1395,54193
2026-03-05 10:45:00,2987.600,2991.200,2985.400,2988.600,1828,53546
2026-03-05 11:00:00,2989.000,2996.800,2987.800,2996.600,1606,53081
2026-03-05 11:15:00,2997.800,2998.800,2990.600,2991.600,550,52747
2026-03-05 11:30:00,2991.600,2994.600,2989.400,2989.800,998,52498
2026-03-05 13:15:00,2988.000,2993.400,2985.000,2991.400,1506,52567
2026-03-05 13:30:00,2991.600,2993.800,2989.600,2992.000,925,52466
2026-03-05 13:45:00,2992.400,2995.400,2989.400,2994.200,1226,52522
2026-03-05 14:00:00,2994.400,2995.600,2983.400,2984.000,1366,52602
2026-03-05 14:15:00,2984.000,2985.600,2977.200,2979.000,1774,52792
2026-03-05 14:30:00,2979.000,2980.600,2974.600,2979.000,1202,52908
2026-03-05 14:45:00,2979.000,2981.800,2974.000,2981.400,1129,53146
2026-03-05 15:00:00,2981.400,2987.200,2980.600,2987.000,8,53581
2026-03-06 09:45:00,2975.200,2984.000,2969.200,2974.800,5447,51408
2026-03-06 10:00:00,2974.800,2979.000,2971.600,2977.600,2112,50956
2026-03-06 10:15:00,2977.000,2985.000,2974.400,2982.800,1746,50644
2026-03-06 10:30:00,2983.400,2987.800,2980.400,2984.000,1678,50574
2026-03-06 10:45:00,2984.600,2986.400,2983.000,2985.600,1171,50576
2026-03-06 11:00:00,2985.600,2989.400,2981.200,2983.600,1278,50592
2026-03-06 11:15:00,2983.600,2990.000,2983.600,2984.600,1243,50488
2026-03-06 11:30:00,2984.600,2990.000,2983.600,2986.600,941,50338
2026-03-06 13:15:00,2986.000,2991.400,2984.400,2985.200,1408,50357
2026-03-06 13:30:00,2985.200,2987.000,2984.000,2986.600,705,50389
2026-03-06 13:45:00,2986.800,3002.600,2986.600,2999.600,3179,50989
2026-03-06 14:00:00,2999.200,2999.400,2989.600,2993.400,1568,51495
2026-03-06 14:15:00,2992.600,2995.200,2988.200,2988.200,1025,52032
2026-03-06 14:30:00,2988.200,2992.200,2987.400,2987.400,889,52354
2026-03-06 14:45:00,2987.800,2993.600,2987.600,2993.000,247,53107
2026-03-06 15:00:00,2993.000,2995.400,2990.000,2990.000,33,53774
2026-03-09 09:45:00,2965.000,2965.000,2912.800,2928.600,11995,50680
2026-03-09 10:00:00,2930.000,2939.800,2926.600,2927.600,4050,50379
2026-03-09 10:15:00,2928.000,2938.200,2923.600,2937.600,2851,50142
2026-03-09 10:30:00,2937.600,2942.600,2930.200,2932.400,2287,50100
2026-03-09 10:45:00,2932.200,2948.000,2930.800,2947.400,2149,50454
2026-03-09 11:00:00,2947.400,2951.800,2944.600,2951.400,1842,50898
2026-03-09 11:15:00,2951.400,2954.200,2942.000,2944.600,699,51220
2026-03-09 11:30:00,2944.600,2951.800,2943.800,2947.600,10,51553
2026-03-09 13:15:00,2945.600,2958.400,2942.800,2955.200,5,52144
2026-03-09 13:30:00,2955.200,2963.800,2953.400,2960.800,10,52543
2026-03-09 13:45:00,2960.800,2966.000,2953.800,2960.800,824,53055
2026-03-09 14:00:00,2960.800,2970.400,2960.200,2965.600,8,53620
2026-03-09 14:15:00,2966.400,2971.600,2964.600,2970.200,23,54172
2026-03-09 14:30:00,2970.200,2972.000,2960.000,2962.200,735,54454
2026-03-09 14:45:00,2962.400,2967.400,2960.400,2961.800,3,55000
2026-03-09 15:00:00,2962.200,2963.000,2956.000,2962.400,640,56117
2026-03-10 09:45:00,2975.000,2985.000,2974.000,2982.400,55,53284
2026-03-10 10:00:00,2985.000,2986.600,2980.400,2985.000,597,52297
2026-03-10 10:15:00,2985.400,2985.400,2981.600,2982.200,3,51501
2026-03-10 10:30:00,2982.600,2982.600,2975.000,2976.000,4,51030
2026-03-10 10:45:00,2975.600,2977.000,2971.800,2973.400,336,50374
2026-03-10 11:00:00,2973.400,2974.000,2969.800,2971.200,21,50112
2026-03-10 11:15:00,2971.200,2974.600,2971.200,2973.200,5,49865
2026-03-10 11:30:00,2973.000,2976.800,2972.400,2975.800,152,49736
2026-03-10 13:15:00,2975.400,2980.200,2974.400,2978.000,4,49485
2026-03-10 13:30:00,2978.000,2981.000,2976.400,2979.800,9,49421
2026-03-10 13:45:00,2979.800,2980.600,2977.400,2979.800,377,49442
2026-03-10 14:00:00,2979.800,2982.400,2977.800,2982.200,4,49520
2026-03-10 14:15:00,2982.000,2987.200,2980.600,2981.000,786,49779
2026-03-10 14:30:00,2981.000,2981.200,2978.000,2978.600,82,49940
2026-03-10 14:45:00,2978.600,2983.000,2978.600,2982.000,237,50194
2026-03-10 15:00:00,2982.200,2984.600,2981.200,2981.400,337,50591
2026-03-11 09:45:00,2985.000,2986.200,2975.000,2977.400,438,48832
2026-03-11 10:00:00,2977.400,2978.200,2970.800,2973.800,22,48335
2026-03-11 10:15:00,2973.800,2979.200,2973.400,2977.600,13,48007
2026-03-11 10:30:00,2977.400,2982.200,2977.400,2980.000,11,47735
2026-03-11 10:45:00,2980.200,2983.600,2980.000,2980.800,259,47536
2026-03-11 11:00:00,2980.800,2986.000,2979.000,2984.600,9,47341
2026-03-11 11:15:00,2985.000,2986.600,2982.800,2984.800,175,47148
2026-03-11 11:30:00,2983.000,2983.000,2980.400,2981.000,99,47110
2026-03-11 13:15:00,2981.200,2985.000,2980.400,2982.800,6,47204
2026-03-11 13:30:00,2982.800,2984.600,2980.600,2981.400,6,47234
2026-03-11 13:45:00,2981.200,2983.000,2979.400,2981.600,97,47178
2026-03-11 14:00:00,2981.200,2983.200,2981.000,2982.400,19,47264
2026-03-11 14:15:00,2982.600,2986.600,2982.600,2985.800,86,47299
2026-03-11 14:30:00,2983.800,2984.400,2982.800,2983.600,4,47314
2026-03-11 14:45:00,2983.600,2984.800,2981.600,2981.800,122,47367
2026-03-11 15:00:00,2982.200,2984.200,2981.600,2983.800,28,48141
2026-03-12 09:45:00,2979.000,2979.000,2971.600,2978.400,3759,46592
2026-03-12 10:00:00,2978.400,2982.000,2975.400,2976.600,1513,46015
2026-03-12 10:15:00,2976.600,2983.800,2975.000,2979.600,1441,45527
2026-03-12 10:30:00,2979.800,2981.000,2977.000,2978.000,919,45248
2026-03-12 10:45:00,2978.000,2980.000,2967.000,2970.400,1931,44987
2026-03-12 11:00:00,2970.800,2971.000,2963.000,2963.200,1483,45098
2026-03-12 11:15:00,2963.800,2965.400,2957.600,2958.600,1790,45260
2026-03-12 11:30:00,2958.000,2958.800,2952.600,2953.600,1106,45617
2026-03-12 13:15:00,2953.600,2959.600,2953.400,2954.200,1292,45824
2026-03-12 13:30:00,2954.200,2956.000,2951.000,2954.400,1056,46189
2026-03-12 13:45:00,2954.200,2964.800,2954.200,2964.000,1536,46606
2026-03-12 14:00:00,2963.600,2968.000,2961.200,2967.600,1178,46861
2026-03-12 14:15:00,2967.600,2968.800,2965.400,2967.800,29,47022
2026-03-12 14:30:00,2967.800,2969.800,2964.200,2969.200,198,47293
2026-03-12 14:45:00,2969.600,2972.600,2967.400,2968.800,231,47567
2026-03-12 15:00:00,2968.800,2970.200,2966.400,2966.400,168,48157
2026-03-13 09:45:00,2967.200,2968.000,2963.200,2963.600,102,45883
2026-03-13 10:00:00,2963.600,2970.600,2961.000,2969.600,3,45103
2026-03-13 10:15:00,2970.800,2977.200,2969.800,2973.200,76,44424
2026-03-13 10:30:00,2973.200,2976.000,2966.400,2969.600,1,44051
2026-03-13 10:45:00,2969.800,2971.400,2967.000,2968.800,7,43946
2026-03-13 11:00:00,2969.000,2971.600,2968.400,2971.400,53,43799
2026-03-13 11:15:00,2971.400,2972.000,2962.800,2963.200,278,43635
2026-03-13 11:30:00,2963.600,2964.000,2961.200,2963.600,694,43560
2026-03-13 13:15:00,2963.200,2978.200,2963.200,2975.000,18,43612
2026-03-13 13:30:00,2975.000,2975.200,2966.400,2966.400,22,43658
2026-03-13 13:45:00,2966.800,2972.000,2966.400,2969.200,302,43695
2026-03-13 14:00:00,2969.200,2970.600,2965.800,2965.800,1,43718
2026-03-13 14:15:00,2965.800,2968.400,2965.000,2967.400,144,43828
2026-03-13 14:30:00,2967.400,2968.400,2961.600,2963.200,479,43886
2026-03-13 14:45:00,2963.200,2963.600,2952.000,2953.600,540,44375
2026-03-13 15:00:00,2953.600,2957.000,2949.600,2957.000,2,45092
2026-03-16 09:45:00,2951.200,2955.600,2926.000,2927.400,359,42555
2026-03-16 10:00:00,2927.800,2943.800,2927.800,2943.600,786,41738
2026-03-16 10:15:00,2943.600,2946.000,2938.600,2945.600,1119,41764
2026-03-16 10:30:00,2945.600,2947.000,2932.800,2936.000,8,41647
2026-03-16 10:45:00,2935.200,2938.600,2930.200,2931.200,315,41599
2026-03-16 11:00:00,2930.200,2933.400,2925.200,2932.400,828,41312
2026-03-16 11:15:00,2931.200,2933.400,2928.200,2931.400,59,41152
2026-03-16 11:30:00,2931.400,2944.800,2931.000,2942.800,389,40993
2026-03-16 13:15:00,2942.800,2956.400,2942.800,2951.400,5,41314
2026-03-16 13:30:00,2951.400,2953.600,2949.000,2951.000,3,41250
2026-03-16 13:45:00,2951.000,2952.400,2946.000,2951.200,1,41390
2026-03-16 14:00:00,2951.200,2951.400,2948.000,2948.800,4,41552
2026-03-16 14:15:00,2948.800,2951.600,2947.200,2950.600,200,41661
2026-03-16 14:30:00,2950.600,2956.000,2950.000,2952.400,1506,41662
2026-03-16 14:45:00,2952.600,2953.600,2951.200,2953.600,2,42127
2026-03-16 15:00:00,2953.600,2955.200,2952.000,2952.000,35,42749
2026-03-17 09:45:00,2960.000,2968.200,2956.000,2967.400,4932,39876
2026-03-17 10:00:00,2968.200,2982.200,2967.400,2981.200,3061,38257
2026-03-17 10:15:00,2981.200,2995.800,2981.200,2993.600,4878,36401
2026-03-17 10:30:00,2993.400,2996.200,2990.000,2994.600,2368,35473
2026-03-17 10:45:00,2994.200,2996.600,2990.400,2992.000,1692,34883
2026-03-17 11:00:00,2992.000,2993.600,2986.800,2987.000,1601,34390
2026-03-17 11:15:00,2985.600,2985.800,2978.000,2980.800,2432,33900
2026-03-17 11:30:00,2980.800,2984.400,2980.800,2982.800,879,33671
2026-03-17 13:15:00,2983.200,2986.600,2980.000,2984.000,1536,33544
2026-03-17 13:30:00,2984.400,2987.000,2980.200,2981.400,375,33283
2026-03-17 13:45:00,2981.400,2983.000,2977.200,2980.600,403,33163
2026-03-17 14:00:00,2980.400,2980.800,2974.000,2974.000,240,32983
2026-03-17 14:15:00,2974.600,2977.600,2972.600,2975.600,558,33012
2026-03-17 14:30:00,2975.400,2979.000,2969.600,2970.400,233,32916
2026-03-17 14:45:00,2970.200,2971.800,2965.000,2968.000,117,33050
2026-03-17 15:00:00,2968.000,2970.000,2962.000,2962.000,21,33412
2026-03-18 09:45:00,2948.800,2958.800,2948.800,2951.200,3573,43719
2026-03-18 10:00:00,2951.200,2952.800,2942.600,2944.200,1229,43458
2026-03-18 10:15:00,2944.000,2945.800,2936.600,2942.200,1739,43520
2026-03-18 10:30:00,2942.000,2944.800,2938.800,2942.600,767,43408
2026-03-18 10:45:00,2942.800,2947.800,2938.200,2938.600,629,43459
2026-03-18 11:00:00,2939.200,2941.200,2929.000,2934.000,1414,43414
2026-03-18 11:15:00,2934.000,2935.600,2931.400,2935.000,774,43664
2026-03-18 11:30:00,2935.000,2938.000,2932.600,2933.800,173,43753
2026-03-18 13:15:00,2934.400,2938.200,2923.200,2924.800,1290,44042
2026-03-18 13:30:00,2925.000,2933.600,2923.800,2927.800,783,44329
2026-03-18 13:45:00,2928.000,2936.400,2926.800,2936.200,749,44664
2026-03-18 14:00:00,2936.200,2938.000,2930.400,2932.400,740,44991
2026-03-18 14:15:00,2932.200,2937.400,2931.800,2935.800,676,45302
2026-03-18 14:30:00,2935.800,2942.800,2935.600,2942.800,777,45506
2026-03-18 14:45:00,2941.000,2946.000,2939.200,2945.200,1153,45954
2026-03-18 15:00:00,2945.200,2948.000,2942.200,2942.200,1029,46354
2026-03-19 09:45:00,2912.400,2922.800,2907.000,2917.000,5559,45397
2026-03-19 10:00:00,2916.200,2921.600,2913.000,2914.400,1306,45478
2026-03-19 10:15:00,2913.400,2916.000,2900.200,2901.400,2223,45806
2026-03-19 10:30:00,2901.200,2910.800,2898.000,2908.400,1877,46267
2026-03-19 10:45:00,2908.400,2912.400,2907.000,2908.600,1319,46677
2026-03-19 11:00:00,2908.600,2909.000,2901.000,2902.600,887,47135
2026-03-19 11:15:00,2902.600,2905.600,2902.200,2903.600,611,47411
2026-03-19 11:30:00,2903.200,2910.400,2899.400,2907.400,1159,47939
2026-03-19 13:15:00,2907.200,2907.200,2896.200,2896.600,1074,48424
2026-03-19 13:30:00,2896.800,2903.600,2893.600,2900.400,1271,48846
2026-03-19 13:45:00,2899.400,2902.400,2891.400,2892.200,1161,49323
2026-03-19 14:00:00,2892.400,2901.000,2888.600,2899.400,1521,50159
2026-03-19 14:15:00,2898.200,2907.200,2895.400,2901.200,1468,50839
2026-03-19 14:30:00,2901.600,2903.600,2891.000,2892.400,1085,51344
2026-03-19 14:45:00,2892.400,2895.000,2882.800,2882.800,2035,52305
2026-03-19 15:00:00,2882.800,2895.800,2882.800,2893.800,2802,53932
2026-03-20 09:45:00,2896.000,2906.000,2892.800,2902.800,5689,52677
2026-03-20 10:00:00,2899.000,2907.000,2889.200,2894.600,2602,52537
2026-03-20 10:15:00,2894.800,2897.000,2889.200,2890.000,1338,52755
2026-03-20 10:30:00,2890.400,2892.600,2887.000,2888.200,1522,53131
2026-03-20 10:45:00,2888.200,2892.000,2883.800,2886.200,1699,53336
2026-03-20 11:00:00,2885.800,2889.800,2882.600,2883.400,1247,53465
2026-03-20 11:15:00,2887.600,2891.600,2878.000,2891.600,479,53995
2026-03-20 11:30:00,2891.200,2896.400,2890.800,2895.400,1746,54182
2026-03-20 13:15:00,2895.600,2895.600,2885.800,2886.200,1499,54496
2026-03-20 13:30:00,2886.200,2886.400,2880.200,2883.200,1491,54776
2026-03-20 13:45:00,2883.200,2884.200,2879.000,2882.600,1194,55110
2026-03-20 14:00:00,2882.200,2883.800,2878.000,2879.000,964,55340
2026-03-20 14:15:00,2882.800,2886.600,2878.600,2880.200,1337,55688
2026-03-20 14:30:00,2879.400,2881.600,2876.200,2878.000,1055,55838
2026-03-20 14:45:00,2878.400,2880.000,2872.200,2872.800,809,56359
2026-03-20 15:00:00,2872.800,2875.400,2865.800,2865.800,49,57522
2026-03-23 09:45:00,2833.600,2846.800,2806.200,2814.600,9683,56255
2026-03-23 10:00:00,2814.400,2825.600,2813.600,2821.600,3041,56462
2026-03-23 10:15:00,2822.000,2827.400,2814.000,2816.000,2088,56502
2026-03-23 10:30:00,2816.000,2822.400,2813.000,2814.400,1497,56549
2026-03-23 10:45:00,2814.000,2814.800,2794.800,2801.200,3102,57137
2026-03-23 11:00:00,2800.800,2805.800,2792.200,2805.400,2289,57709
2026-03-23 11:15:00,2805.000,2816.000,2796.000,2798.600,996,58232
2026-03-23 11:30:00,2798.400,2803.200,2794.000,2794.600,1265,58453
2026-03-23 13:15:00,2794.800,2808.000,2792.600,2796.800,1933,58977
2026-03-23 13:30:00,2795.800,2796.400,2782.600,2783.200,1674,59489
2026-03-23 13:45:00,2783.200,2793.000,2774.600,2775.600,2481,60218
2026-03-23 14:00:00,2777.000,2787.000,2771.800,2777.400,1747,60742
2026-03-23 14:15:00,2777.000,2777.400,2758.400,2761.800,867,61503
2026-03-23 14:30:00,2762.600,2775.000,2754.000,2764.800,2675,62486
2026-03-23 14:45:00,2765.000,2768.400,2752.200,2758.000,823,63378
2026-03-23 15:00:00,2758.000,2781.000,2750.800,2776.000,44,64551
2026-03-24 09:45:00,2795.000,2795.000,2781.000,2782.000,48,61544
2026-03-24 10:00:00,2781.600,2783.800,2774.800,2774.800,133,60465
2026-03-24 10:15:00,2783.200,2790.000,2780.800,2782.200,6,59882
2026-03-24 10:30:00,2781.200,2794.400,2775.600,2793.800,7,59422
2026-03-24 10:45:00,2794.200,2798.000,2789.200,2797.800,33,58656
2026-03-24 11:00:00,2797.800,2800.400,2795.800,2798.400,26,58363
2026-03-24 11:15:00,2798.800,2803.000,2795.000,2800.400,79,58140
2026-03-24 11:30:00,2800.400,2808.000,2800.200,2803.400,9,57908
2026-03-24 13:15:00,2803.000,2804.800,2790.200,2794.400,1,57727
2026-03-24 13:30:00,2795.000,2797.800,2787.400,2788.400,6,57682
2026-03-24 13:45:00,2788.400,2797.600,2787.600,2793.400,232,57726
2026-03-24 14:00:00,2793.400,2796.600,2791.800,2794.200,44,57818
2026-03-24 14:15:00,2794.800,2800.400,2794.800,2800.400,536,57854
2026-03-24 14:30:00,2800.200,2812.000,2799.600,2807.800,1879,57873
2026-03-24 14:45:00,2810.400,2812.600,2805.200,2812.200,1377,58155
2026-03-24 15:00:00,2812.000,2814.200,2808.000,2810.600,543,58708
2026-03-25 09:45:00,2827.200,2844.600,2822.200,2843.200,15,55906
2026-03-25 10:00:00,2840.800,2847.400,2839.200,2840.400,352,55257
2026-03-25 10:15:00,2840.600,2842.000,2835.200,2839.800,67,54813
2026-03-25 10:30:00,2839.600,2844.200,2836.200,2840.000,2,54702
2026-03-25 10:45:00,2840.000,2844.000,2834.200,2843.000,183,54478
2026-03-25 11:00:00,2843.400,2844.200,2835.800,2835.800,317,54327
2026-03-25 11:15:00,2835.600,2837.400,2830.200,2832.000,577,54233
2026-03-25 11:30:00,2832.000,2833.800,2829.200,2831.000,557,54244
2026-03-25 13:15:00,2832.200,2837.000,2829.200,2836.200,4,54460
2026-03-25 13:30:00,2836.200,2838.800,2834.200,2838.200,4,54462
2026-03-25 13:45:00,2838.000,2845.000,2836.000,2842.600,740,54657
2026-03-25 14:00:00,2842.600,2843.600,2832.000,2836.400,643,54855
2026-03-25 14:15:00,2836.400,2837.400,2828.400,2829.400,465,55153
2026-03-25 14:30:00,2829.400,2833.400,2829.000,2830.600,548,55336
2026-03-25 14:45:00,2830.600,2835.200,2830.600,2834.000,455,55719
2026-03-25 15:00:00,2834.000,2834.800,2830.000,2830.000,52,56159
2026-03-26 09:45:00,2830.000,2842.200,2828.200,2838.000,3524,54732
2026-03-26 10:00:00,2834.400,2840.800,2831.400,2833.200,1479,54497
2026-03-26 10:15:00,2833.200,2835.400,2827.200,2831.400,1339,54219
2026-03-26 10:30:00,2831.400,2832.600,2827.600,2829.600,922,53972
2026-03-26 10:45:00,2830.000,2832.200,2827.600,2830.000,794,53808
2026-03-26 11:00:00,2830.000,2830.400,2822.200,2824.800,1277,53614
2026-03-26 11:15:00,2824.800,2826.000,2821.200,2824.400,914,53490
2026-03-26 11:30:00,2825.000,2825.000,2820.200,2822.000,284,53416
2026-03-26 13:15:00,2822.600,2823.600,2811.600,2812.600,1579,53357
2026-03-26 13:30:00,2812.600,2815.200,2805.400,2808.800,1653,53686
2026-03-26 13:45:00,2809.600,2814.600,2805.800,2811.800,471,54002
2026-03-26 14:00:00,2811.400,2812.600,2803.800,2804.400,351,54234
2026-03-26 14:15:00,2804.400,2808.600,2801.000,2801.200,114,54626
2026-03-26 14:30:00,2801.400,2802.800,2798.600,2802.600,35,54864
2026-03-26 14:45:00,2801.600,2805.200,2797.600,2800.200,7,55264
2026-03-26 15:00:00,2800.600,2807.600,2800.600,2804.800,1240,55466
2026-03-27 09:45:00,2807.600,2812.600,2803.800,2804.200,2,54000
2026-03-27 10:00:00,2804.200,2810.200,2799.600,2809.600,6,53688
2026-03-27 10:15:00,2809.800,2817.800,2809.000,2816.400,104,53423
2026-03-27 10:30:00,2817.200,2819.000,2811.000,2817.400,6,53371
2026-03-27 10:45:00,2817.400,2820.800,2815.000,2816.000,4,53266
2026-03-27 11:00:00,2815.800,2822.600,2811.000,2812.400,580,53488
2026-03-27 11:15:00,2812.600,2817.200,2812.200,2816.600,3,53571
2026-03-27 11:30:00,2815.400,2816.400,2812.000,2814.800,124,53643
2026-03-27 13:15:00,2817.800,2832.600,2817.800,2828.200,12,53924
2026-03-27 13:30:00,2828.600,2831.000,2823.000,2824.800,2,54114
2026-03-27 13:45:00,2824.800,2829.800,2824.800,2827.200,61,54359
2026-03-27 14:00:00,2827.000,2828.000,2821.000,2821.600,47,54469
2026-03-27 14:15:00,2820.800,2821.600,2817.000,2818.200,6,54710
2026-03-27 14:30:00,2820.200,2820.600,2816.400,2817.400,1,54777
2026-03-27 14:45:00,2818.400,2819.600,2816.400,2816.600,160,54969
2026-03-27 15:00:00,2815.800,2816.800,2812.000,2814.400,9,56140
2026-03-30 09:45:00,2792.400,2800.800,2785.000,2793.200,5865,53655
2026-03-30 10:00:00,2790.800,2797.000,2780.400,2782.200,3459,53188
2026-03-30 10:15:00,2782.600,2789.800,2781.000,2788.800,1609,53117
2026-03-30 10:30:00,2788.800,2793.600,2783.600,2788.600,1269,53098
2026-03-30 10:45:00,2788.600,2791.400,2785.400,2790.800,892,53167
2026-03-30 11:00:00,2792.400,2800.000,2789.400,2796.000,1271,53028
2026-03-30 11:15:00,2797.200,2815.400,2795.600,2810.400,653,53085
2026-03-30 11:30:00,2810.600,2816.800,2809.000,2815.600,1481,53241
2026-03-30 13:15:00,2815.800,2815.800,2804.200,2806.200,1455,53637
2026-03-30 13:30:00,2806.800,2811.800,2806.600,2810.000,615,53847
2026-03-30 13:45:00,2810.200,2813.800,2803.800,2804.800,838,54134
2026-03-30 14:00:00,2804.800,2812.800,2803.200,2811.800,902,54340
2026-03-30 14:15:00,2811.800,2815.400,2810.400,2813.600,753,54495
2026-03-30 14:30:00,2813.600,2815.200,2811.000,2813.000,527,54605
2026-03-30 14:45:00,2813.000,2814.200,2809.400,2814.000,992,54784
2026-03-30 15:00:00,2814.000,2818.000,2810.200,2812.400,98,55729
2026-03-31 09:45:00,2826.800,2844.000,2819.200,2839.600,6383,53157
2026-03-31 10:00:00,2840.000,2840.000,2828.000,2833.000,2240,52492
2026-03-31 10:15:00,2832.400,2836.600,2828.000,2832.000,1561,52194
2026-03-31 10:30:00,2831.800,2836.000,2830.200,2831.200,1118,52038
2026-03-31 10:45:00,2831.200,2832.800,2824.400,2825.000,1513,51841
2026-03-31 11:00:00,2820.800,2825.400,2820.400,2821.600,1280,51811
2026-03-31 11:15:00,2821.600,2822.800,2817.400,2818.800,1084,51812
2026-03-31 11:30:00,2816.200,2820.000,2809.200,2811.800,907,52004
2026-03-31 13:15:00,2811.800,2821.000,2811.200,2812.600,1864,52252
2026-03-31 13:30:00,2812.600,2820.800,2811.200,2819.200,1244,52688
2026-03-31 13:45:00,2819.200,2825.000,2816.800,2819.400,1298,53181
2026-03-31 14:00:00,2819.400,2826.600,2819.000,2820.400,1141,53614
2026-03-31 14:15:00,2820.400,2820.800,2812.000,2812.600,1483,53983
2026-03-31 14:30:00,2812.600,2812.600,2806.000,2807.400,1201,54298
2026-03-31 14:45:00,2807.600,2809.800,2804.800,2808.000,102,54567
2026-03-31 15:00:00,2808.000,2809.800,2802.600,2804.000,23,55483
2026-04-01 09:45:00,2844.000,2846.600,2835.400,2840.400,5646,53320
2026-04-01 10:00:00,2840.600,2842.800,2837.600,2838.800,1332,52813
2026-04-01 10:15:00,2843.000,2858.000,2838.200,2855.600,2899,52380
2026-04-01 10:30:00,2855.600,2858.600,2853.600,2854.400,1463,52035
2026-04-01 10:45:00,2854.000,2858.400,2852.600,2857.800,1166,51932
2026-04-01 11:00:00,2858.000,2863.400,2857.800,2861.600,1682,52029
2026-04-01 11:15:00,2861.600,2863.400,2856.400,2859.000,41,52088
2026-04-01 11:30:00,2859.000,2861.400,2855.400,2855.800,66,52012
2026-04-01 13:15:00,2855.400,2862.600,2852.800,2861.400,1,52022
2026-04-01 13:30:00,2861.800,2864.000,2859.400,2863.000,11,52248
2026-04-01 13:45:00,2863.000,2865.400,2858.200,2860.000,213,52532
2026-04-01 14:00:00,2860.600,2860.600,2850.400,2852.000,10,52743
2026-04-01 14:15:00,2851.200,2856.200,2851.200,2856.200,8,52977
2026-04-01 14:30:00,2856.200,2859.600,2856.000,2859.400,14,53222
2026-04-01 14:45:00,2859.400,2860.000,2857.600,2858.400,22,53417
2026-04-01 15:00:00,2858.400,2861.200,2852.600,2853.800,3267,54557
2026-04-02 09:45:00,2842.200,2845.800,2837.000,2841.400,4864,52603
2026-04-02 10:00:00,2840.600,2843.400,2834.800,2841.000,1936,52268
2026-04-02 10:15:00,2841.000,2841.800,2835.400,2836.600,1179,51954
2026-04-02 10:30:00,2836.600,2838.800,2832.600,2834.000,1557,51665
2026-04-02 10:45:00,2834.000,2836.000,2828.600,2832.600,1305,51549
2026-04-02 11:00:00,2832.600,2834.800,2832.200,2833.000,699,51371
2026-04-02 11:15:00,2832.800,2834.000,2830.400,2833.400,625,51378
2026-04-02 11:30:00,2833.200,2836.400,2830.200,2831.200,780,51427
2026-04-02 13:15:00,2830.000,2831.400,2820.200,2821.000,1584,51525
2026-04-02 13:30:00,2820.800,2825.000,2818.000,2824.000,1441,51645
2026-04-02 13:45:00,2824.000,2826.000,2820.200,2823.400,1007,51599
2026-04-02 14:00:00,2823.400,2823.400,2812.000,2814.000,1156,51767
2026-04-02 14:15:00,2813.800,2816.200,2811.000,2816.200,162,52117
2026-04-02 14:30:00,2816.200,2824.200,2816.000,2821.000,1481,52501
2026-04-02 14:45:00,2820.400,2823.000,2818.600,2819.800,1052,52863
2026-04-02 15:00:00,2819.800,2827.600,2816.600,2827.600,2426,53206
2026-04-03 09:45:00,2832.800,2835.000,2821.600,2823.200,3006,51819
2026-04-03 10:00:00,2822.800,2826.000,2817.200,2818.400,1380,51332
2026-04-03 10:15:00,2818.400,2821.200,2813.800,2814.200,1315,50812
2026-04-03 10:30:00,2814.000,2816.600,2811.200,2816.000,1141,50436
2026-04-03 10:45:00,2816.200,2820.600,2815.400,2819.200,1148,50199
2026-04-03 11:00:00,2819.200,2820.400,2812.000,2812.600,791,50039
2026-04-03 11:15:00,2812.000,2812.600,2807.000,2807.600,1037,49946
2026-04-03 11:30:00,2807.800,2809.800,2803.800,2804.800,1307,49739
2026-04-03 13:15:00,2804.600,2806.600,2801.600,2802.800,21,49709
2026-04-03 13:30:00,2802.600,2803.800,2799.600,2803.000,967,49800
2026-04-03 13:45:00,2802.600,2811.000,2801.200,2809.000,708,50141
2026-04-03 14:00:00,2809.200,2809.200,2803.800,2808.200,245,50217
2026-04-03 14:15:00,2808.200,2811.000,2801.000,2806.000,9,50423
2026-04-03 14:30:00,2805.600,2806.000,2802.200,2803.200,98,50643
2026-04-03 14:45:00,2803.200,2804.200,2798.400,2803.800,5,51051
2026-04-03 15:00:00,2803.800,2806.400,2803.000,2804.400,472,51815
2026-04-07 09:45:00,2809.400,2817.400,2804.400,2815.800,4138,50615
2026-04-07 10:00:00,2815.600,2821.000,2812.200,2812.200,2244,50354
2026-04-07 10:15:00,2812.200,2815.800,2809.200,2811.200,1118,50436
2026-04-07 10:30:00,2811.200,2815.000,2805.000,2808.400,975,50402
2026-04-07 10:45:00,2808.600,2812.400,2807.200,2812.200,802,50489
2026-04-07 11:00:00,2812.400,2814.600,2810.400,2813.000,596,50623
2026-04-07 11:15:00,2813.400,2815.200,2809.000,2810.200,708,50727
2026-04-07 11:30:00,2810.200,2811.000,2803.400,2803.600,733,50861
2026-04-07 13:15:00,2804.200,2809.000,2802.200,2803.000,988,51100
2026-04-07 13:30:00,2803.000,2803.600,2797.200,2800.200,1254,51468
2026-04-07 13:45:00,2800.200,2804.400,2799.000,2800.200,839,51746
2026-04-07 14:00:00,2800.200,2805.800,2799.000,2805.000,1,52127
2026-04-07 14:15:00,2805.000,2806.600,2800.800,2801.800,78,52522
2026-04-07 14:30:00,2801.800,2805.400,2801.200,2803.600,3,52776
2026-04-07 14:45:00,2803.800,2804.600,2798.800,2800.000,124,53019
2026-04-07 15:00:00,2799.800,2802.800,2798.400,2798.400,265,53412
2026-04-08 09:45:00,2841.600,2872.400,2841.600,2866.400,9865,51262
2026-04-08 10:00:00,2866.200,2868.800,2857.400,2859.000,3115,51467
2026-04-08 10:15:00,2860.400,2869.000,2860.000,2866.600,2090,51654
2026-04-08 10:30:00,2866.800,2869.200,2863.000,2868.800,1457,51893
2026-04-08 10:45:00,2868.800,2876.000,2868.400,2873.800,2037,52420
2026-04-08 11:00:00,2873.600,2876.800,2869.600,2870.000,1223,52770
2026-04-08 11:15:00,2870.600,2876.400,2868.600,2875.600,1110,52983
2026-04-08 11:30:00,2876.000,2876.400,2870.400,2873.800,994,53121
2026-04-08 13:15:00,2874.400,2880.000,2873.000,2880.000,1474,53605
2026-04-08 13:30:00,2880.000,2889.600,2879.000,2884.600,388,53952
2026-04-08 13:45:00,2884.600,2891.400,2883.200,2889.000,1243,54491
2026-04-08 14:00:00,2889.000,2891.800,2886.800,2886.800,1084,54862
2026-04-08 14:15:00,2888.000,2891.000,2884.400,2885.600,1033,55327
2026-04-08 14:30:00,2885.600,2886.400,2880.600,2884.400,1384,55829
2026-04-08 14:45:00,2884.200,2886.200,2883.000,2883.200,1398,56368
2026-04-08 15:00:00,2883.200,2886.000,2879.200,2886.000,3188,58098
2026-04-09 09:45:00,2871.000,2871.000,2861.000,2862.800,5295,55241
2026-04-09 10:00:00,2860.000,2866.800,2859.000,2863.800,2097,54263
2026-04-09 10:15:00,2862.800,2865.800,2861.200,2862.400,1147,53879
2026-04-09 10:30:00,2862.200,2865.800,2861.000,2862.200,995,53562
2026-04-09 10:45:00,2862.200,2865.200,2860.800,2863.600,806,53326
2026-04-09 11:00:00,2863.600,2866.400,2863.200,2863.200,846,53141
2026-04-09 11:15:00,2863.200,2865.000,2861.600,2863.200,634,52950
2026-04-09 11:30:00,2863.200,2863.800,2860.000,2860.600,546,52835
2026-04-09 13:15:00,2860.000,2860.600,2852.600,2853.200,1170,52565
2026-04-09 13:30:00,2853.200,2858.600,2852.400,2858.200,1744,52134
2026-04-09 13:45:00,2858.400,2861.600,2857.800,2860.000,1016,52178
2026-04-09 14:00:00,2860.000,2860.200,2856.000,2856.800,915,52281
2026-04-09 14:15:00,2856.800,2859.800,2856.800,2858.600,525,52426
2026-04-09 14:30:00,2858.600,2860.000,2857.000,2859.000,472,52419
2026-04-09 14:45:00,2859.000,2859.400,2856.200,2857.000,821,52531
2026-04-09 15:00:00,2857.000,2864.000,2856.800,2860.600,885,52852
2026-04-10 09:45:00,2871.200,2891.800,2868.800,2889.200,5634,51235
2026-04-10 10:00:00,2889.200,2895.000,2882.200,2895.000,2663,51277
2026-04-10 10:15:00,2894.000,2895.600,2887.800,2888.000,2054,51128
2026-04-10 10:30:00,2888.000,2890.000,2882.400,2884.200,1542,51298
2026-04-10 10:45:00,2884.000,2887.800,2882.000,2882.200,1412,51402
2026-04-10 11:00:00,2882.000,2886.000,2880.800,2882.400,1153,51599
2026-04-10 11:15:00,2883.200,2883.800,2878.600,2879.200,927,51723
2026-04-10 11:30:00,2879.200,2881.400,2876.000,2876.200,813,51822
2026-04-10 13:15:00,2879.200,2881.400,2874.000,2876.600,1436,52159
2026-04-10 13:30:00,2876.600,2880.000,2876.000,2877.000,684,52267
2026-04-10 13:45:00,2877.200,2882.200,2876.800,2879.600,270,52532
2026-04-10 14:00:00,2879.600,2888.000,2879.600,2885.800,1095,52926
2026-04-10 14:15:00,2885.600,2888.600,2881.200,2881.200,1192,53453
2026-04-10 14:30:00,2881.000,2881.600,2877.000,2880.200,1012,53709
2026-04-10 14:45:00,2880.200,2880.800,2874.400,2874.800,1501,53943
2026-04-10 15:00:00,2874.800,2876.000,2873.200,2873.200,852,54272
2026-04-13 09:45:00,2863.000,2869.800,2860.400,2865.600,4018,52433
2026-04-13 10:00:00,2865.600,2873.800,2860.200,2872.600,1973,51569
2026-04-13 10:15:00,2871.600,2878.800,2871.200,2877.600,1783,51193
2026-04-13 10:30:00,2877.600,2877.800,2871.600,2874.400,1298,50896
2026-04-13 10:45:00,2874.200,2876.800,2872.200,2872.400,769,50702
2026-04-13 11:00:00,2872.600,2873.200,2867.400,2869.600,1086,50557
2026-04-13 11:15:00,2869.400,2870.400,2864.200,2864.800,911,50457
2026-04-13 11:30:00,2864.600,2869.200,2864.200,2869.200,744,50289
2026-04-13 13:15:00,2871.200,2873.800,2866.600,2866.800,1057,50290
2026-04-13 13:30:00,2866.800,2871.800,2866.800,2871.400,683,50309
2026-04-13 13:45:00,2871.400,2875.600,2869.800,2873.200,466,50352
2026-04-13 14:00:00,2873.600,2874.600,2871.600,2872.400,637,50446
2026-04-13 14:15:00,2872.600,2876.000,2871.600,2871.800,710,50510
2026-04-13 14:30:00,2871.800,2874.400,2871.000,2874.000,527,50439
2026-04-13 14:45:00,2874.000,2874.000,2869.200,2873.000,1037,50583
2026-04-13 15:00:00,2873.000,2873.000,2870.200,2873.000,48,50725
2026-04-14 09:45:00,2892.400,2893.600,2884.000,2885.600,4421,49494
2026-04-14 10:00:00,2885.800,2897.000,2885.800,2887.800,2509,49592
2026-04-14 10:15:00,2887.800,2891.600,2883.000,2889.600,1400,49664
2026-04-14 10:30:00,2889.600,2890.200,2887.400,2889.000,857,49604
2026-04-14 10:45:00,2888.800,2890.200,2886.200,2888.600,1012,49680
2026-04-14 11:00:00,2888.600,2890.800,2885.000,2885.200,891,49781
2026-04-14 11:15:00,2885.000,2886.000,2883.400,2884.200,901,49954
2026-04-14 11:30:00,2884.800,2886.800,2883.200,2886.600,130,50041
2026-04-14 13:15:00,2886.400,2889.600,2882.200,2883.000,1092,50209
2026-04-14 13:30:00,2883.000,2883.600,2876.200,2878.800,1350,50342
2026-04-14 13:45:00,2878.800,2879.200,2873.200,2877.000,1378,50760
2026-04-14 14:00:00,2877.000,2879.000,2875.800,2878.400,644,51015
2026-04-14 14:15:00,2878.600,2882.200,2878.000,2881.200,921,51343
2026-04-14 14:30:00,2881.200,2883.800,2881.000,2883.000,701,51501
2026-04-14 14:45:00,2883.000,2895.200,2882.600,2895.000,1793,52102
2026-04-14 15:00:00,2895.000,2900.800,2894.800,2898.400,1130,53443
2026-04-15 09:45:00,2918.800,2924.200,2913.400,2918.600,5391,51112
2026-04-15 10:00:00,2918.600,2927.400,2917.800,2927.200,1966,50512
2026-04-15 10:15:00,2926.400,2930.800,2920.600,2922.000,1951,50261
2026-04-15 10:30:00,2922.000,2923.000,2919.200,2920.000,980,50339
2026-04-15 10:45:00,2920.000,2922.000,2917.400,2920.200,1063,50310
2026-04-15 11:00:00,2920.200,2920.600,2915.800,2915.800,1149,50327
2026-04-15 11:15:00,2916.000,2916.600,2912.800,2916.000,1001,50340
2026-04-15 11:30:00,2916.600,2919.800,2915.800,2918.200,504,50353
2026-04-15 13:15:00,2918.200,2919.800,2915.400,2916.200,1011,50439
2026-04-15 13:30:00,2916.200,2916.800,2912.000,2913.800,889,50434
2026-04-15 13:45:00,2913.800,2916.200,2912.400,2915.000,921,50479
2026-04-15 14:00:00,2915.400,2917.000,2912.400,2916.400,1044,50597
2026-04-15 14:15:00,2916.400,2917.600,2911.400,2913.400,758,50761
2026-04-15 14:30:00,2913.400,2915.600,2911.800,2913.600,1060,50903
2026-04-15 14:45:00,2913.600,2914.600,2907.200,2908.000,1540,51285
2026-04-15 15:00:00,2908.200,2910.000,2907.200,2907.600,2104,51801
2026-04-16 09:45:00,2919.600,2929.200,2915.200,2926.000,4608,50480
2026-04-16 10:00:00,2926.000,2927.600,2919.400,2922.000,1970,50011
2026-04-16 10:15:00,2922.000,2926.000,2921.400,2922.800,1467,50029
2026-04-16 10:30:00,2922.800,2924.200,2921.200,2923.400,770,50010
2026-04-16 10:45:00,2923.400,2925.800,2919.400,2919.600,974,50132
2026-04-16 11:00:00,2919.600,2927.400,2919.000,2924.000,1314,50223
2026-04-16 11:15:00,2924.000,2929.000,2922.600,2924.600,1502,50439
2026-04-16 11:30:00,2923.800,2926.800,2922.400,2923.000,307,50578
2026-04-16 13:15:00,2923.000,2924.800,2912.400,2914.000,1914,51042
2026-04-16 13:30:00,2914.000,2918.600,2913.400,2917.000,950,51353
2026-04-16 13:45:00,2917.000,2918.600,2911.200,2911.200,909,51723
2026-04-16 14:00:00,2911.000,2918.000,2911.000,2917.600,970,52075
2026-04-16 14:15:00,2917.600,2922.600,2915.600,2921.000,1353,52589
2026-04-16 14:30:00,2921.000,2921.600,2918.000,2920.000,907,52942
2026-04-16 14:45:00,2920.000,2925.000,2919.800,2924.200,1572,53568
2026-04-16 15:00:00,2924.200,2925.600,2920.000,2920.000,1292,54191
2026-04-17 09:45:00,2902.000,2906.000,2900.800,2904.600,4375,52653
2026-04-17 10:00:00,2904.600,2905.400,2895.600,2895.800,2328,52238
2026-04-17 10:15:00,2896.000,2898.400,2890.200,2891.800,1491,51954
2026-04-17 10:30:00,2892.000,2898.800,2891.600,2897.000,1152,51771
2026-04-17 10:45:00,2897.000,2900.200,2896.000,2898.000,862,51741
2026-04-17 11:00:00,2898.000,2901.200,2896.200,2897.400,1142,51843
2026-04-17 11:15:00,2897.400,2899.200,2896.400,2897.400,828,52008
2026-04-17 11:30:00,2897.800,2898.600,2892.000,2892.600,248,52110
2026-04-17 13:15:00,2892.000,2895.000,2890.200,2893.400,1090,52189
2026-04-17 13:30:00,2893.400,2897.800,2892.600,2896.000,1040,52250
2026-04-17 13:45:00,2896.000,2896.800,2894.600,2896.200,674,52409
2026-04-17 14:00:00,2896.200,2904.200,2895.800,2900.800,2104,52992
2026-04-17 14:15:00,2900.800,2902.000,2896.000,2896.200,985,53439
2026-04-17 14:30:00,2896.200,2896.600,2891.400,2893.000,1192,53616
2026-04-17 14:45:00,2893.000,2894.400,2890.800,2892.400,1178,53836
2026-04-17 15:00:00,2892.200,2892.800,2888.000,2888.000,29,55456
2026-04-20 09:45:00,2895.000,2905.400,2891.000,2903.000,4699,53500
2026-04-20 10:00:00,2903.000,2908.600,2899.800,2907.600,1990,53388
2026-04-20 10:15:00,2908.000,2908.800,2902.000,2903.400,1902,53302
2026-04-20 10:30:00,2903.200,2915.600,2902.800,2912.400,1619,53382
2026-04-20 10:45:00,2912.400,2914.400,2909.400,2909.400,1404,53620
2026-04-20 11:00:00,2909.400,2917.800,2907.800,2917.400,1266,53698
2026-04-20 11:15:00,2917.000,2922.000,2909.400,2910.400,2334,54076
2026-04-20 11:30:00,2910.400,2915.400,2907.200,2914.800,1224,54224
2026-04-20 13:15:00,2913.000,2915.000,2909.200,2913.800,118,54547
2026-04-20 13:30:00,2913.800,2917.400,2910.200,2911.400,1022,55001
2026-04-20 13:45:00,2911.200,2912.200,2905.000,2907.200,1282,55590
2026-04-20 14:00:00,2907.200,2912.400,2907.200,2909.800,686,55813
2026-04-20 14:15:00,2910.000,2913.400,2909.600,2912.200,528,55973
2026-04-20 14:30:00,2912.200,2913.600,2910.600,2911.400,396,56042
2026-04-20 14:45:00,2911.400,2914.200,2911.000,2914.000,876,56319
2026-04-20 15:00:00,2914.000,2918.000,2913.000,2918.000,1631,56749
2026-04-21 09:45:00,2915.600,2921.200,2902.800,2908.800,5688,54783
2026-04-21 10:00:00,2908.800,2911.600,2906.800,2910.400,1887,54344
2026-04-21 10:15:00,2910.400,2911.600,2907.200,2909.000,911,54229
2026-04-21 10:30:00,2909.000,2909.000,2902.200,2906.200,1352,54011
2026-04-21 10:45:00,2906.400,2907.600,2903.600,2906.000,842,54025
2026-04-21 11:00:00,2906.200,2908.000,2904.600,2907.000,818,54046
2026-04-21 11:15:00,2906.800,2908.000,2904.200,2906.600,1173,53966
2026-04-21 11:30:00,2906.600,2907.000,2904.000,2904.600,433,53853
2026-04-21 13:15:00,2905.400,2915.200,2905.200,2915.200,1968,53867
2026-04-21 13:30:00,2915.000,2916.800,2910.600,2913.400,1137,54069
2026-04-21 13:45:00,2913.400,2920.200,2913.400,2920.200,1330,54326
2026-04-21 14:00:00,2920.000,2920.800,2913.800,2914.000,1166,54533
2026-04-21 14:15:00,2914.000,2916.600,2912.600,2913.000,775,54819
2026-04-21 14:30:00,2913.000,2917.200,2913.000,2915.800,452,54982
2026-04-21 14:45:00,2915.800,2918.400,2915.400,2916.600,1215,55335
2026-04-21 15:00:00,2916.600,2917.200,2914.600,2916.600,6,55951
2026-04-22 09:45:00,2912.200,2919.400,2906.600,2916.400,4244,54174
2026-04-22 10:00:00,2916.200,2918.600,2908.800,2908.800,2275,53808
2026-04-22 10:15:00,2909.000,2914.200,2907.000,2911.400,1366,53654
2026-04-22 10:30:00,2911.400,2914.800,2910.600,2912.600,678,53696
2026-04-22 10:45:00,2912.600,2913.600,2909.600,2910.800,682,53767
2026-04-22 11:00:00,2910.800,2912.400,2909.800,2912.400,544,53825
2026-04-22 11:15:00,2913.000,2918.600,2912.200,2913.600,1402,53933
2026-04-22 11:30:00,2913.600,2916.400,2912.200,2915.200,617,54052
2026-04-22 13:15:00,2915.000,2916.400,2910.400,2912.800,196,54306
2026-04-22 13:30:00,2912.800,2917.400,2912.600,2915.000,1104,54524
2026-04-22 13:45:00,2914.800,2920.800,2914.800,2915.600,1780,54917
2026-04-22 14:00:00,2915.600,2916.800,2910.400,2912.600,1554,55517
2026-04-22 14:15:00,2912.400,2914.400,2908.000,2908.600,1378,56075
2026-04-22 14:30:00,2908.600,2913.000,2908.400,2912.000,1188,56483
2026-04-22 14:45:00,2911.800,2915.000,2911.200,2913.800,1077,56878
2026-04-22 15:00:00,2913.800,2918.000,2913.800,2917.800,49,57449
2026-04-23 09:45:00,2917.400,2924.400,2910.600,2911.000,5354,55439
2026-04-23 10:00:00,2910.800,2918.000,2910.000,2913.400,2955,54715
2026-04-23 10:15:00,2913.400,2918.400,2909.600,2913.000,2023,54407
2026-04-23 10:30:00,2913.400,2922.000,2912.200,2914.400,2370,54165
2026-04-23 10:45:00,2914.600,2915.600,2903.800,2904.800,2225,54303
2026-04-23 11:00:00,2904.800,2906.400,2901.200,2901.200,1908,54692
2026-04-23 11:15:00,2901.000,2902.800,2893.800,2895.600,2345,55028
2026-04-23 11:30:00,2895.000,2896.400,2891.200,2893.000,1655,55452
2026-04-23 13:15:00,2894.600,2899.800,2893.000,2899.200,1444,56210
2026-04-23 13:30:00,2899.000,2901.800,2896.200,2900.600,1196,56649
2026-04-23 13:45:00,2900.800,2906.000,2900.000,2905.400,1847,57122
2026-04-23 14:00:00,2905.400,2911.600,2904.200,2911.600,1317,57601
2026-04-23 14:15:00,2911.600,2913.000,2902.400,2904.200,1471,58216
2026-04-23 14:30:00,2904.000,2907.000,2901.800,2903.000,1015,58416
2026-04-23 14:45:00,2903.000,2914.400,2902.600,2914.000,1617,59034
2026-04-23 15:00:00,2914.000,2915.000,2909.600,2911.200,2072,60680
2026-04-24 09:45:00,2908.000,2914.000,2899.000,2900.400,4672,58096
2026-04-24 10:00:00,2900.400,2900.400,2893.600,2898.600,2504,57111
2026-04-24 10:15:00,2898.600,2906.600,2897.800,2905.800,2106,56386
2026-04-24 10:30:00,2905.800,2906.600,2901.200,2903.000,1330,55928
2026-04-24 10:45:00,2903.000,2908.600,2901.800,2908.600,1203,55592
2026-04-24 11:00:00,2908.800,2912.400,2906.400,2911.800,1445,55455
2026-04-24 11:15:00,2911.800,2914.000,2907.000,2907.600,1707,55263
2026-04-24 11:30:00,2907.600,2920.000,2906.800,2920.000,1793,55205
2026-04-24 13:15:00,2921.200,2933.200,2919.600,2922.400,4362,55656
2026-04-24 13:30:00,2922.600,2923.000,2915.600,2921.200,1723,55869
2026-04-24 13:45:00,2921.000,2925.800,2919.600,2925.200,1387,56143
2026-04-24 14:00:00,2925.200,2925.400,2920.200,2922.400,1098,56347
2026-04-24 14:15:00,2922.600,2931.800,2922.400,2930.000,2218,57037
2026-04-24 14:30:00,2930.000,2931.600,2926.800,2928.000,1445,57405
2026-04-24 14:45:00,2928.200,2934.200,2927.800,2931.800,1513,57828
2026-04-24 15:00:00,2929.000,2929.200,2928.400,2929.000,20,58743
2026-04-27 09:45:00,2929.200,2941.000,2925.000,2927.000,6420,56815
2026-04-27 10:00:00,2926.800,2940.200,2926.600,2936.600,2229,56473
2026-04-27 10:15:00,2937.000,2942.200,2932.600,2935.200,1780,56355
2026-04-27 10:30:00,2935.000,2938.600,2932.600,2933.600,959,56369
2026-04-27 10:45:00,2933.400,2934.200,2928.600,2929.200,1330,56405
2026-04-27 11:00:00,2929.200,2930.800,2927.000,2927.200,916,56388
2026-04-27 11:15:00,2927.000,2928.000,2923.000,2926.800,1356,56591
2026-04-27 11:30:00,2926.800,2928.400,2922.000,2925.200,1161,56847
2026-04-27 13:15:00,2928.400,2929.800,2923.400,2925.000,169,56920
2026-04-27 13:30:00,2925.000,2928.400,2924.400,2927.800,737,57045
2026-04-27 13:45:00,2927.800,2927.800,2917.200,2919.600,1928,57223
2026-04-27 14:00:00,2919.400,2921.000,2918.600,2920.200,963,57326
2026-04-27 14:15:00,2920.200,2921.800,2918.800,2919.200,619,57357
2026-04-27 14:30:00,2919.400,2920.200,2917.800,2919.200,865,57375
2026-04-27 14:45:00,2919.200,2922.000,2917.800,2922.000,890,57515
2026-04-27 15:00:00,2922.000,2924.200,2921.800,2922.400,36,57744
2026-04-28 09:45:00,2918.000,2943.000,2917.400,2940.200,6539,55348
2026-04-28 10:00:00,2940.800,2945.800,2938.600,2940.000,2802,54642
2026-04-28 10:15:00,2940.000,2942.600,2938.200,2942.000,1892,54437
2026-04-28 10:30:00,2942.000,2942.200,2937.400,2938.800,1148,54323
2026-04-28 10:45:00,2938.800,2939.800,2932.600,2934.200,1547,54375
2026-04-28 11:00:00,2934.200,2935.000,2930.000,2931.600,1082,54433
2026-04-28 11:15:00,2931.600,2935.600,2931.400,2935.400,793,54507
2026-04-28 11:30:00,2935.400,2939.400,2933.600,2937.000,843,54669
2026-04-28 13:15:00,2937.800,2937.800,2930.000,2930.400,1198,54922
2026-04-28 13:30:00,2930.400,2933.800,2929.000,2932.600,232,55127
2026-04-28 13:45:00,2932.400,2932.800,2925.600,2926.400,1473,55228
2026-04-28 14:00:00,2926.400,2928.200,2923.400,2927.400,1218,55546
2026-04-28 14:15:00,2927.400,2933.200,2926.200,2932.800,1036,55989
2026-04-28 14:30:00,2932.800,2933.000,2923.600,2924.200,1207,56542
2026-04-28 14:45:00,2924.200,2931.600,2923.600,2931.400,1237,57171
2026-04-28 15:00:00,2931.200,2932.600,2929.200,2930.200,66,57936
2026-04-29 09:45:00,2924.200,2937.600,2923.200,2936.600,4951,56422
2026-04-29 10:00:00,2935.400,2937.200,2927.000,2927.600,880,55756
2026-04-29 10:15:00,2927.600,2933.000,2923.800,2931.600,20,55335
2026-04-29 10:30:00,2931.600,2933.200,2928.000,2929.000,4,55392
2026-04-29 10:45:00,2928.600,2929.200,2925.000,2927.200,3,55429
2026-04-29 11:00:00,2927.200,2931.600,2926.000,2928.200,27,55488
2026-04-29 11:15:00,2928.200,2936.200,2926.200,2934.000,8,55617
2026-04-29 11:30:00,2934.000,2937.600,2931.400,2932.800,38,55865
2026-04-29 13:15:00,2931.000,2938.800,2930.000,2937.600,22,56204
2026-04-29 13:30:00,2937.400,2944.000,2936.200,2942.800,9,56383
2026-04-29 13:45:00,2942.600,2943.200,2938.000,2942.400,104,56650
2026-04-29 14:00:00,2942.600,2944.200,2941.200,2941.600,254,56884
2026-04-29 14:15:00,2941.400,2946.400,2941.400,2946.200,650,57178
2026-04-29 14:30:00,2946.200,2955.800,2944.800,2951.000,1,57573
2026-04-29 14:45:00,2951.200,2953.600,2947.800,2949.600,571,58200
2026-04-29 15:00:00,2950.000,2950.200,2945.800,2947.000,322,59379
2026-04-30 09:45:00,2945.000,2965.000,2942.600,2965.000,5871,56969
2026-04-30 10:00:00,2965.000,2966.800,2958.800,2965.000,2763,56550
2026-04-30 10:15:00,2964.200,2964.800,2957.800,2958.200,1651,56442
2026-04-30 10:30:00,2958.200,2959.400,2951.800,2953.800,1637,56372
2026-04-30 10:45:00,2953.000,2956.600,2950.000,2954.800,1367,56561
2026-04-30 11:00:00,2953.400,2955.000,2951.200,2954.000,912,56693
2026-04-30 11:15:00,2957.600,2960.600,2953.200,2958.600,58,56881
2026-04-30 11:30:00,2958.600,2961.400,2955.400,2956.600,1255,57136
2026-04-30 13:15:00,2956.000,2957.600,2950.600,2952.200,1605,57312
2026-04-30 13:30:00,2952.200,2953.800,2950.000,2950.400,778,57351
2026-04-30 13:45:00,2950.800,2959.600,2950.000,2959.400,1196,57439
2026-04-30 14:00:00,2958.400,2960.400,2957.400,2958.200,1228,57599
2026-04-30 14:15:00,2958.400,2962.400,2958.000,2961.600,1032,57890
2026-04-30 14:30:00,2961.400,2962.400,2959.800,2961.800,252,58108
2026-04-30 14:45:00,2961.800,2968.000,2961.800,2966.000,355,58640
2026-04-30 15:00:00,2965.200,2970.000,2964.600,2968.800,38,59217
2026-05-06 09:45:00,2989.400,3002.000,2985.000,3001.000,7493,57366
2026-05-06 10:00:00,3010.000,3017.800,3000.800,3016.400,3265,57105
2026-05-06 10:15:00,3016.800,3023.800,3012.600,3023.600,2786,57125
2026-05-06 10:30:00,3023.800,3024.800,3016.200,3019.800,1978,57332
2026-05-06 10:45:00,3020.000,3021.400,3011.200,3014.200,2274,57717
2026-05-06 11:00:00,3014.000,3018.800,3009.200,3011.800,1818,57978
2026-05-06 11:15:00,3011.800,3021.400,3010.800,3021.000,594,58364
2026-05-06 11:30:00,3022.400,3023.400,3020.000,3021.000,1260,58617
2026-05-06 13:15:00,3019.600,3021.000,3014.600,3016.800,1174,58929
2026-05-06 13:30:00,3017.400,3018.200,3014.600,3016.400,700,59041
2026-05-06 13:45:00,3016.400,3016.400,3011.800,3012.400,992,59290
2026-05-06 14:00:00,3012.400,3016.000,3011.600,3011.600,699,59394
2026-05-06 14:15:00,3010.400,3012.000,3000.200,3003.400,1965,59822
2026-05-06 14:30:00,3003.800,3012.000,3003.000,3010.200,1202,60215
2026-05-06 14:45:00,3009.600,3013.200,3008.000,3009.600,113,60584
2026-05-06 15:00:00,3009.000,3010.200,3007.200,3007.600,76,61146
2026-05-07 09:45:00,3017.600,3024.400,3016.400,3018.200,5293,58520
2026-05-07 10:00:00,3018.200,3019.600,3012.800,3014.000,1981,57940
2026-05-07 10:15:00,3014.200,3018.800,3010.400,3010.400,1299,57566
2026-05-07 10:30:00,3010.400,3012.000,3008.400,3009.200,1186,57367
2026-05-07 10:45:00,3009.400,3012.000,3006.400,3007.000,1391,57225
2026-05-07 11:00:00,3007.200,3011.400,3006.200,3006.400,939,57171
2026-05-07 11:15:00,3006.600,3009.600,3003.600,3006.400,1202,57084
2026-05-07 11:30:00,3006.200,3009.200,3005.400,3005.400,1191,57052
2026-05-07 13:15:00,3005.400,3010.600,3005.200,3010.000,1215,57097
2026-05-07 13:30:00,3010.000,3011.400,3005.400,3007.400,236,57107
2026-05-07 13:45:00,3007.600,3010.400,3006.200,3010.000,941,57267
2026-05-07 14:00:00,3010.000,3013.200,3008.200,3008.800,1442,57364
2026-05-07 14:15:00,3008.800,3011.600,3008.600,3010.800,715,57511
2026-05-07 14:30:00,3010.600,3011.400,3008.600,3010.200,604,57736
2026-05-07 14:45:00,3010.200,3013.200,3009.200,3013.200,1056,57974
2026-05-07 15:00:00,3013.200,3014.400,3012.000,3012.000,1602,58594
2026-05-08 09:45:00,3002.400,3004.200,2991.200,2993.800,5102,56869
2026-05-08 10:00:00,2993.600,2995.400,2986.800,2994.800,2939,56191
2026-05-08 10:15:00,2994.800,2996.000,2987.000,2987.000,1952,56219
2026-05-08 10:30:00,2987.000,2990.000,2983.200,2983.200,1935,56168
2026-05-08 10:45:00,2983.200,2986.800,2982.000,2984.400,1639,56192
2026-05-08 11:00:00,2979.200,2984.400,2975.600,2975.800,1751,56306
2026-05-08 11:15:00,2976.200,2976.200,2969.200,2975.400,805,56554
2026-05-08 11:30:00,2975.400,2975.800,2970.200,2972.800,1165,56682
2026-05-08 13:15:00,2974.800,2980.000,2972.600,2977.400,1736,56875
2026-05-08 13:30:00,2977.400,2982.200,2977.000,2981.800,1201,57162
2026-05-08 13:45:00,2981.600,2982.800,2978.600,2981.200,771,57267
2026-05-08 14:00:00,2980.800,2984.600,2980.600,2982.600,770,57391
2026-05-08 14:15:00,2982.600,2984.400,2979.400,2981.600,912,57621
2026-05-08 14:30:00,2981.600,2983.200,2979.000,2980.800,766,57685
2026-05-08 14:45:00,2980.600,2982.600,2979.400,2980.000,963,57997
2026-05-08 15:00:00,2980.000,2983.000,2979.200,2981.600,673,59388
2026-05-11 09:45:00,2996.200,2999.200,2987.000,2988.000,6899,56431
2026-05-11 10:00:00,2987.600,3009.600,2987.000,3009.600,3371,55564
2026-05-11 10:15:00,3010.200,3012.600,3005.000,3010.400,3318,55299
2026-05-11 10:30:00,3009.800,3011.200,3002.000,3006.800,1741,55667
2026-05-11 10:45:00,3006.600,3008.200,3001.400,3005.000,1188,55811
2026-05-11 11:00:00,3005.000,3011.000,3002.000,3009.800,1725,55961
2026-05-11 11:15:00,3009.800,3014.400,3005.600,3014.000,1580,55978
2026-05-11 11:30:00,3013.800,3015.000,3008.200,3010.600,1313,56260
2026-05-11 13:15:00,3011.400,3012.000,2999.400,3003.000,2040,56841
2026-05-11 13:30:00,3003.000,3004.000,2998.000,3002.200,852,57228
2026-05-11 13:45:00,3002.000,3011.000,3000.600,3007.600,1565,58015
2026-05-11 14:00:00,3007.600,3015.800,3007.200,3012.600,1620,58524
2026-05-11 14:15:00,3012.600,3030.400,3012.400,3029.400,2871,59545
2026-05-11 14:30:00,3029.400,3031.800,3022.200,3023.400,1870,60372
2026-05-11 14:45:00,3023.400,3024.000,3016.200,3016.600,1688,61355
2026-05-11 15:00:00,3016.200,3027.200,3016.000,3022.800,54,62362
2026-05-12 09:45:00,3019.600,3033.800,3016.400,3023.000,5691,59606
2026-05-12 10:00:00,3024.000,3026.200,3020.200,3022.200,2149,58636
2026-05-12 10:15:00,3022.200,3025.600,3019.000,3021.800,1412,58232
2026-05-12 10:30:00,3020.200,3025.200,3020.200,3022.800,1133,57858
2026-05-12 10:45:00,3022.800,3036.600,3022.400,3035.600,2229,57366
2026-05-12 11:00:00,3035.800,3038.600,3030.400,3031.200,2084,57148
2026-05-12 11:15:00,3028.200,3033.000,3023.200,3025.600,193,57109
2026-05-12 11:30:00,3021.200,3026.800,3017.400,3021.600,1688,56986
2026-05-12 13:15:00,3021.400,3026.000,3019.600,3023.000,1865,56948
2026-05-12 13:30:00,3023.200,3026.600,3022.200,3025.000,1071,56907
2026-05-12 13:45:00,3025.400,3025.800,3020.400,3020.400,821,56798
2026-05-12 14:00:00,3020.400,3023.200,3019.800,3022.200,799,56827
2026-05-12 14:15:00,3023.000,3024.800,3019.200,3021.800,1238,56944
2026-05-12 14:30:00,3021.200,3024.400,3020.200,3021.200,896,57168
2026-05-12 14:45:00,3025.600,3028.600,3020.800,3028.400,556,57826
2026-05-12 15:00:00,3027.400,3029.200,3027.000,3029.200,76,59214
2026-05-13 09:45:00,3020.000,3027.600,3018.000,3020.200,6215,57110
2026-05-13 10:00:00,3019.200,3023.200,3008.400,3009.400,3277,56888
2026-05-13 10:15:00,3009.400,3012.000,3006.800,3009.400,2032,56875
2026-05-13 10:30:00,3009.600,3012.200,3007.800,3012.000,1270,56933
2026-05-13 10:45:00,3012.400,3014.200,3009.800,3011.800,1614,57309
2026-05-13 11:00:00,3012.000,3014.600,3005.600,3006.000,1401,57536
2026-05-13 11:15:00,3006.400,3009.000,3004.600,3006.000,1367,57795
2026-05-13 11:30:00,3006.000,3013.600,3006.000,3011.000,1625,57849
2026-05-13 13:15:00,3012.600,3018.800,3012.600,3018.000,2080,58140
2026-05-13 13:30:00,3018.000,3019.000,3014.400,3018.200,1005,58279
2026-05-13 13:45:00,3018.600,3022.000,3016.400,3019.200,1328,58561
2026-05-13 14:00:00,3019.200,3023.600,3017.000,3023.400,1124,58757
2026-05-13 14:15:00,3025.000,3027.600,3022.400,3024.600,1720,59204
2026-05-13 14:30:00,3024.600,3033.600,3024.600,3031.000,1975,59733
2026-05-13 14:45:00,3030.800,3039.400,3030.800,3036.600,2548,60618
2026-05-13 15:00:00,3036.200,3036.400,3028.200,3033.000,1727,62374
2026-05-14 09:45:00,3038.600,3041.200,3025.400,3025.400,6754,59689
2026-05-14 10:00:00,3025.400,3026.600,3007.600,3011.200,4755,58467
2026-05-14 10:15:00,3010.800,3013.000,3004.400,3008.400,3264,58139
2026-05-14 10:30:00,3008.400,3010.200,3005.000,3005.600,1992,58244
2026-05-14 10:45:00,3005.600,3009.400,2996.400,3001.600,2423,58412
2026-05-14 11:00:00,3001.400,3004.400,2996.400,2997.200,1578,58853
2026-05-14 11:15:00,2997.000,2997.800,2984.400,2987.400,3095,59435
2026-05-14 11:30:00,2986.600,2993.400,2983.000,2992.800,2421,59730
2026-05-14 13:15:00,2993.000,3002.400,2991.000,3000.200,2013,60016
2026-05-14 13:30:00,3000.200,3008.000,2998.800,3007.400,1154,60161
2026-05-14 13:45:00,3007.400,3008.000,2997.000,3000.600,1721,60483
2026-05-14 14:00:00,3001.000,3004.400,2996.400,2998.400,1303,60911
2026-05-14 14:15:00,2998.000,3004.200,2996.000,3004.200,1033,61182
2026-05-14 14:30:00,3004.200,3005.200,2997.600,2998.800,1429,61607
2026-05-14 14:45:00,2998.800,3000.200,2995.200,2995.800,1300,62224
2026-05-14 15:00:00,2995.800,2997.200,2984.200,2984.600,2957,63848
2026-05-15 09:45:00,2976.400,2985.400,2967.200,2968.600,7734,60751
2026-05-15 10:00:00,2968.600,2968.800,2961.200,2963.000,4050,59509
2026-05-15 10:15:00,2963.000,2964.600,2957.000,2963.400,3251,59089
2026-05-15 10:30:00,2962.400,2964.600,2960.400,2960.800,1647,58873
2026-05-15 10:45:00,2961.000,2967.400,2960.200,2966.000,1862,58663
2026-05-15 11:00:00,2966.000,2977.400,2966.000,2975.600,2596,58522
2026-05-15 11:15:00,2975.800,2985.600,2975.200,2983.600,1321,58749
2026-05-15 11:30:00,2983.800,2985.800,2974.200,2976.200,1977,59185
2026-05-15 13:15:00,2974.600,2976.200,2953.800,2955.600,3737,60126
2026-05-15 13:30:00,2955.800,2957.400,2952.000,2954.600,1767,60813
2026-05-15 13:45:00,2954.600,2954.600,2941.200,2941.800,2445,61588
2026-05-15 14:00:00,2940.800,2944.000,2933.800,2935.400,2310,62143
2026-05-15 14:15:00,2933.400,2938.600,2927.000,2935.600,3315,63431
2026-05-15 14:30:00,2936.000,2939.600,2930.400,2933.000,394,63981
2026-05-15 14:45:00,2935.000,2941.600,2930.000,2941.000,2047,64601
2026-05-15 15:00:00,2943.400,2948.000,2940.000,2945.000,37,65623
2026-05-18 09:45:00,2932.400,2936.400,2921.200,2931.800,8811,62067
2026-05-18 10:00:00,2931.600,2937.800,2929.200,2935.400,2200,61157
2026-05-18 10:15:00,2935.000,2938.600,2926.400,2933.000,2240,60500
2026-05-18 10:30:00,2933.000,2934.200,2928.200,2930.600,1432,60227
2026-05-18 10:45:00,2930.000,2933.200,2928.800,2929.600,1111,60163
2026-05-18 11:00:00,2929.600,2933.400,2921.000,2921.400,1747,59971
2026-05-18 11:15:00,2921.400,2926.800,2916.800,2918.000,1950,59978
2026-05-18 11:30:00,2918.000,2922.000,2916.000,2921.800,1214,59945
2026-05-18 13:15:00,2923.200,2927.000,2921.000,2921.000,1508,59933
2026-05-18 13:30:00,2921.000,2923.800,2918.600,2921.400,895,60047
2026-05-18 13:45:00,2921.400,2925.200,2920.000,2920.000,461,60097
2026-05-18 14:00:00,2920.000,2920.000,2911.200,2911.800,1495,60271
2026-05-18 14:15:00,2911.800,2911.800,2903.400,2907.400,2861,60686
2026-05-18 14:30:00,2907.000,2912.200,2907.000,2909.400,1336,60830
2026-05-18 14:45:00,2909.400,2914.200,2907.000,2913.400,2252,60918
2026-05-18 15:00:00,2914.000,2923.600,2914.000,2922.400,8,61829
2026-05-19 09:45:00,2920.000,2922.000,2910.400,2919.200,5892,58841
2026-05-19 10:00:00,2919.200,2920.200,2908.000,2913.000,2906,57896
2026-05-19 10:15:00,2912.200,2913.600,2903.200,2904.000,3070,57156
2026-05-19 10:30:00,2903.400,2912.600,2901.000,2906.600,2661,56820
2026-05-19 10:45:00,2906.600,2915.800,2905.000,2914.600,1903,56742
2026-05-19 11:00:00,2913.600,2913.600,2903.000,2905.800,95,56663
2026-05-19 11:15:00,2905.800,2910.600,2904.000,2909.000,27,56761
2026-05-19 11:30:00,2908.600,2913.600,2906.400,2911.400,9,57146
2026-05-19 13:15:00,2909.600,2912.600,2903.400,2912.000,6,57515
2026-05-19 13:30:00,2912.000,2912.600,2906.600,2909.800,14,57785
2026-05-19 13:45:00,2909.800,2914.000,2908.800,2909.400,429,58131
2026-05-19 14:00:00,2909.600,2917.000,2907.800,2914.400,7,58497
2026-05-19 14:15:00,2915.000,2919.800,2911.600,2915.600,1,58798
2026-05-19 14:30:00,2915.800,2923.600,2915.400,2920.800,14,58970
2026-05-19 14:45:00,2920.800,2932.000,2920.000,2932.000,226,59755
2026-05-19 15:00:00,2932.200,2935.400,2931.000,2931.400,730,61038
2026-05-20 09:45:00,2919.000,2928.600,2916.800,2925.000,5821,58151
2026-05-20 10:00:00,2924.600,2937.000,2923.200,2932.200,2928,57173
2026-05-20 10:15:00,2932.600,2932.800,2920.000,2923.600,2835,56398
2026-05-20 10:30:00,2923.600,2934.600,2923.000,2933.200,1809,56089
2026-05-20 10:45:00,2933.800,2935.000,2927.600,2928.400,2225,55499
2026-05-20 11:00:00,2928.400,2930.000,2923.000,2926.600,1646,55248
2026-05-20 11:15:00,2927.000,2927.800,2920.200,2922.000,1002,55172
2026-05-20 11:30:00,2922.200,2928.200,2922.000,2926.400,1142,55148
2026-05-20 13:15:00,2927.400,2943.800,2926.000,2939.200,2819,55303
2026-05-20 13:30:00,2939.200,2939.200,2924.200,2926.400,1667,55454
2026-05-20 13:45:00,2926.800,2937.000,2924.200,2931.800,1631,55609
2026-05-20 14:00:00,2931.800,2935.200,2930.200,2933.000,671,55734
2026-05-20 14:15:00,2933.800,2937.600,2927.600,2929.600,1195,56005
2026-05-20 14:30:00,2929.600,2931.800,2927.600,2930.200,388,56251
2026-05-20 14:45:00,2930.400,2935.400,2929.000,2932.000,1296,56634
2026-05-20 15:00:00,2932.200,2937.800,2932.000,2934.800,10,57278
2026-05-21 09:45:00,2950.000,2969.000,2949.600,2962.600,7949,53854
2026-05-21 10:00:00,2964.600,2973.000,2962.400,2971.400,3654,53066
2026-05-21 10:15:00,2971.400,2981.800,2971.400,2975.200,3529,52699
2026-05-21 10:30:00,2975.200,2981.600,2973.200,2978.800,2175,52957
2026-05-21 10:45:00,2978.800,2978.800,2967.200,2967.600,2269,53198
2026-05-21 11:00:00,2967.600,2967.600,2954.600,2954.800,2761,53839
2026-05-21 11:15:00,2954.400,2961.200,2953.800,2954.400,1819,54446
2026-05-21 11:30:00,2954.000,2957.200,2946.600,2948.800,1837,55095
2026-05-21 13:15:00,2949.800,2957.200,2945.600,2947.200,660,55921
2026-05-21 13:30:00,2947.200,2950.600,2946.800,2947.600,1195,56222
2026-05-21 13:45:00,2947.600,2950.000,2943.200,2949.400,1682,56865
2026-05-21 14:00:00,2949.200,2949.200,2941.400,2943.800,1905,57456
2026-05-21 14:15:00,2944.000,2944.800,2935.600,2939.200,2194,58454
2026-05-21 14:30:00,2937.000,2940.000,2922.200,2924.000,2879,59698
2026-05-21 14:45:00,2923.800,2925.400,2910.400,2914.400,4270,61466
2026-05-21 15:00:00,2915.000,2916.600,2900.400,2903.800,26,63395
2026-05-22 09:45:00,2919.400,2919.400,2896.800,2900.400,9270,59495
2026-05-22 10:00:00,2900.200,2906.200,2897.200,2903.400,2882,58628
2026-05-22 10:15:00,2903.400,2911.200,2901.800,2907.800,1940,58036
2026-05-22 10:30:00,2907.800,2907.800,2893.200,2895.400,2447,57452
2026-05-22 10:45:00,2895.200,2901.200,2894.400,2899.000,1618,57289
2026-05-22 11:00:00,2898.800,2901.600,2896.600,2900.800,961,57178
2026-05-22 11:15:00,2900.600,2900.600,2896.600,2898.400,996,57177
2026-05-22 11:30:00,2898.400,2903.200,2893.800,2903.000,1306,57157
2026-05-22 13:15:00,2905.000,2911.400,2902.600,2908.400,2112,56964
2026-05-22 13:30:00,2908.400,2908.800,2896.600,2902.400,1335,56977
2026-05-22 13:45:00,2902.200,2911.400,2902.200,2908.600,2104,57150
2026-05-22 14:00:00,2908.600,2913.600,2904.600,2906.000,1915,57308
2026-05-22 14:15:00,2906.200,2912.200,2906.200,2907.800,1359,57379
2026-05-22 14:30:00,2908.000,2908.800,2902.600,2907.600,1246,57579
2026-05-22 14:45:00,2908.000,2909.000,2901.200,2901.800,1594,58104
2026-05-22 15:00:00,2901.400,2904.400,2899.200,2899.200,47,58951
2026-05-25 09:45:00,2911.800,2938.600,2908.200,2933.600,7773,55398
2026-05-25 10:00:00,2934.400,2935.600,2924.600,2926.600,4409,54131
2026-05-25 10:15:00,2926.400,2935.600,2925.000,2933.400,2267,53439
2026-05-25 10:30:00,2933.600,2935.000,2929.000,2930.800,1479,53194
2026-05-25 10:45:00,2931.000,2932.000,2924.400,2929.000,1576,52984
2026-05-25 11:00:00,2930.000,2934.800,2928.200,2934.200,1144,52941
2026-05-25 11:15:00,2934.800,2937.600,2930.200,2932.800,599,53047
2026-05-25 11:30:00,2930.200,2933.000,2923.600,2927.200,1361,53234
2026-05-25 13:15:00,2926.800,2941.400,2926.800,2936.800,2804,53794
2026-05-25 13:30:00,2936.800,2939.400,2930.000,2930.200,1382,53998
2026-05-25 13:45:00,2929.800,2930.200,2921.400,2925.000,2157,54450
2026-05-25 14:00:00,2938.000,2938.800,2924.800,2936.600,1791,55077
2026-05-25 14:15:00,2938.000,2946.400,2936.000,2945.600,2516,55895
2026-05-25 14:30:00,2944.600,2947.200,2941.000,2941.400,1377,56523
2026-05-25 14:45:00,2941.200,2946.400,2939.600,2942.800,1603,57225
2026-05-25 15:00:00,2945.000,2948.200,2942.200,2943.200,2364,58574
2026-05-26 09:45:00,2937.400,2939.000,2928.800,2933.400,6046,55423
2026-05-26 10:00:00,2934.800,2940.200,2929.200,2939.200,2858,54377
2026-05-26 10:15:00,2938.400,2945.800,2933.400,2942.200,2522,53481
2026-05-26 10:30:00,2944.000,2946.600,2938.200,2940.200,1618,53158
2026-05-26 10:45:00,2940.600,2944.600,2935.000,2938.000,1272,52938
2026-05-26 11:00:00,2936.800,2943.000,2934.200,2940.600,1565,52721
2026-05-26 11:15:00,2940.600,2941.200,2930.600,2935.000,925,52477
2026-05-26 11:30:00,2935.000,2943.000,2934.200,2938.400,1551,52684
2026-05-26 13:15:00,2935.800,2942.800,2931.000,2942.200,1988,52798
2026-05-26 13:30:00,2942.600,2943.600,2934.000,2936.200,1610,52926
2026-05-26 13:45:00,2936.200,2942.800,2936.000,2938.200,1352,53119
2026-05-26 14:00:00,2938.200,2938.600,2931.200,2933.200,1740,53131
2026-05-26 14:15:00,2933.200,2939.000,2928.200,2937.800,2399,53377
2026-05-26 14:30:00,2937.800,2949.600,2935.200,2947.800,2079,53793
2026-05-26 14:45:00,2948.200,2958.400,2948.200,2954.400,1027,54909
2026-05-26 15:00:00,2954.400,2955.800,2950.600,2955.600,33,56070
2026-05-27 09:45:00,2953.400,2960.000,2948.800,2951.000,5493,53307
2026-05-27 10:00:00,2950.800,2952.600,2938.400,2938.800,3155,52397
2026-05-27 10:15:00,2939.400,2943.000,2934.600,2935.600,2493,51861
2026-05-27 10:30:00,2936.800,2937.600,2932.600,2934.800,2079,51428
2026-05-27 10:45:00,2934.800,2938.000,2926.200,2926.400,2591,51358
2026-05-27 11:00:00,2926.400,2927.800,2915.400,2917.800,3175,51433
2026-05-27 11:15:00,2917.400,2921.600,2913.600,2914.400,1791,52210
2026-05-27 11:30:00,2914.400,2914.400,2896.600,2903.600,4838,53703
2026-05-27 13:15:00,2903.600,2912.800,2901.800,2910.000,3450,55032
2026-05-27 13:30:00,2910.000,2913.800,2905.200,2912.400,2078,55424
2026-05-27 13:45:00,2912.400,2925.000,2908.800,2921.000,4055,57090
2026-05-27 14:00:00,2921.000,2923.600,2907.600,2908.400,2672,58094
2026-05-27 14:15:00,2908.000,2912.000,2901.800,2905.600,336,59198
2026-05-27 14:30:00,2905.800,2916.600,2905.400,2913.600,1507,59746
2026-05-27 14:45:00,2913.600,2918.200,2910.200,2910.400,1725,60128
2026-05-27 15:00:00,2907.400,2912.600,2906.600,2911.200,1380,60519
2026-05-28 09:45:00,2904.800,2911.400,2901.000,2903.400,5672,58687
2026-05-28 10:00:00,2895.400,2905.400,2889.400,2891.600,2906,57461
2026-05-28 10:15:00,2892.200,2905.800,2890.200,2904.600,2888,56386
2026-05-28 10:30:00,2902.600,2905.200,2894.600,2896.400,1638,55900
2026-05-28 10:45:00,2896.200,2899.800,2892.400,2892.800,1443,55579
2026-05-28 11:00:00,2895.200,2897.000,2887.200,2888.200,1369,55408
2026-05-28 11:15:00,2888.000,2896.000,2887.400,2895.600,1000,55391
2026-05-28 11:30:00,2893.400,2897.600,2890.400,2895.000,1795,55537
2026-05-28 13:15:00,2892.000,2892.000,2871.000,2874.800,4307,55466
2026-05-28 13:30:00,2874.800,2893.200,2873.000,2889.600,2490,55913
2026-05-28 13:45:00,2890.200,2898.800,2888.600,2898.800,2750,56105
2026-05-28 14:00:00,2903.800,2906.200,2895.000,2898.200,2721,56283
2026-05-28 14:15:00,2899.400,2903.400,2892.200,2892.600,588,56507
2026-05-28 14:30:00,2893.200,2898.600,2892.200,2893.000,1022,56862
2026-05-28 14:45:00,2896.000,2898.000,2890.800,2890.800,1227,57218
2026-05-28 15:00:00,2890.200,2891.800,2886.600,2890.400,4,58094
2026-05-29 09:45:00,2902.000,2910.400,2895.200,2905.000,6452,55077
2026-05-29 10:00:00,2905.000,2907.000,2899.200,2903.400,835,54405
2026-05-29 10:15:00,2903.600,2905.800,2892.800,2895.600,500,53672
2026-05-29 10:30:00,2895.600,2896.000,2890.400,2891.800,12,53648
2026-05-29 10:45:00,2892.200,2903.200,2888.400,2902.000,43,53615
2026-05-29 11:00:00,2902.200,2908.000,2896.400,2897.800,491,53908
2026-05-29 11:15:00,2897.800,2903.800,2893.800,2902.000,52,54109
2026-05-29 11:30:00,2902.000,2907.000,2898.600,2903.200,368,54532
2026-05-29 13:15:00,2905.000,2918.200,2902.600,2909.000,5,55605
2026-05-29 13:30:00,2909.000,2919.800,2908.400,2914.400,3,56080
2026-05-29 13:45:00,2914.000,2915.400,2904.800,2907.600,1,56771
2026-05-29 14:00:00,2907.800,2916.000,2899.600,2900.600,611,57648
2026-05-29 14:15:00,2900.600,2902.200,2893.000,2898.800,230,58566
2026-05-29 14:30:00,2898.800,2898.800,2889.200,2894.200,13,59259
2026-05-29 14:45:00,2896.000,2899.000,2893.000,2895.000,29,59834
2026-05-29 15:00:00,2895.600,2905.000,2887.000,2900.600,1557,61644
2026-06-01 09:45:00,2907.000,2908.600,2893.000,2906.000,6758,58488
2026-06-01 10:00:00,2906.200,2908.600,2901.000,2905.400,2752,57340
2026-06-01 10:15:00,2905.400,2909.000,2902.400,2904.000,1820,56740
2026-06-01 10:30:00,2904.000,2908.200,2902.000,2902.400,1520,56226
2026-06-01 10:45:00,2902.200,2905.400,2890.000,2891.600,2147,55600
2026-06-01 11:00:00,2891.000,2892.600,2880.400,2882.400,2686,55242
2026-06-01 11:15:00,2883.200,2883.800,2871.200,2872.200,57,55157
2026-06-01 11:30:00,2871.000,2882.000,2870.200,2882.000,2198,55169
2026-06-01 13:15:00,2881.600,2890.600,2881.600,2886.800,2469,55253
2026-06-01 13:30:00,2887.000,2889.000,2882.200,2883.000,1459,55373
2026-06-01 13:45:00,2882.600,2886.200,2878.600,2880.600,1184,55357
2026-06-01 14:00:00,2880.200,2882.200,2877.600,2881.400,1130,55531
2026-06-01 14:15:00,2879.600,2883.400,2878.600,2878.800,1130,55592
2026-06-01 14:30:00,2878.400,2879.000,2873.000,2877.800,983,55795
2026-06-01 14:45:00,2877.800,2881.000,2874.400,2878.000,1320,56025
2026-06-01 15:00:00,2879.800,2882.200,2878.000,2880.200,19,56607
2026-06-02 09:45:00,2886.000,2889.000,2878.200,2883.000,5683,54213
2026-06-02 10:00:00,2879.200,2887.000,2877.200,2883.000,2774,53300
2026-06-02 10:15:00,2883.400,2890.000,2882.000,2889.600,2613,52832
2026-06-02 10:30:00,2889.600,2895.000,2885.600,2893.800,1809,52652
2026-06-02 10:45:00,2893.800,2895.800,2887.000,2888.800,1679,52342
2026-06-02 11:00:00,2888.800,2891.200,2886.400,2890.400,1187,52525
2026-06-02 11:15:00,2890.200,2892.800,2887.000,2887.600,748,52761
2026-06-02 11:30:00,2887.200,2891.000,2885.200,2887.200,965,52826
2026-06-02 13:15:00,2890.800,2905.600,2886.800,2905.200,2989,53404
2026-06-02 13:30:00,2905.400,2917.800,2905.400,2914.600,4064,54222
2026-06-02 13:45:00,2914.600,2920.600,2911.800,2912.800,2767,54758
2026-06-02 14:00:00,2913.600,2914.000,2909.600,2912.600,1475,55237
2026-06-02 14:15:00,2911.000,2915.400,2904.000,2904.800,1681,55618
2026-06-02 14:30:00,2904.400,2907.000,2901.600,2905.400,653,56150
2026-06-02 14:45:00,2905.800,2907.600,2903.200,2903.800,1500,56776
2026-06-02 15:00:00,2903.200,2905.600,2902.800,2902.800,900,57406
2026-06-03 09:45:00,2899.000,2899.000,2892.200,2897.000,5206,54990
2026-06-03 10:00:00,2897.400,2906.400,2896.200,2904.600,2932,53993
2026-06-03 10:15:00,2903.400,2907.000,2902.600,2902.800,1741,53587
2026-06-03 10:30:00,2902.800,2916.000,2902.000,2912.800,2395,52977
2026-06-03 10:45:00,2912.800,2919.600,2910.000,2916.400,2104,52552
2026-06-03 11:00:00,2916.400,2917.800,2912.800,2915.000,1084,52338
2026-06-03 11:15:00,2915.000,2924.000,2915.000,2920.400,2168,52169
2026-06-03 11:30:00,2920.400,2922.000,2917.200,2919.200,1469,51922
2026-06-03 13:15:00,2918.800,2919.400,2907.600,2908.000,3025,51706
2026-06-03 13:30:00,2908.200,2913.000,2906.000,2912.200,587,51963
2026-06-03 13:45:00,2911.800,2918.800,2910.400,2914.600,1302,52154
2026-06-03 14:00:00,2914.400,2917.600,2912.800,2917.600,938,52181
2026-06-03 14:15:00,2919.800,2923.400,2911.200,2914.400,2233,52329
2026-06-03 14:30:00,2914.400,2914.400,2904.200,2906.800,1610,52676
2026-06-03 14:45:00,2907.400,2908.200,2894.000,2901.000,3597,53629
2026-06-03 15:00:00,2901.000,2908.600,2901.000,2907.800,1244,54284
2026-06-04 09:45:00,2893.000,2901.800,2890.600,2898.200,6044,51714
2026-06-04 10:00:00,2900.600,2903.000,2895.600,2901.400,1821,51054
2026-06-04 10:15:00,2899.800,2902.400,2894.600,2896.200,1532,50663
2026-06-04 10:30:00,2895.800,2896.600,2890.800,2895.000,1333,50491
2026-06-04 10:45:00,2895.200,2895.800,2890.800,2892.600,1031,50235
2026-06-04 11:00:00,2893.000,2895.400,2888.000,2894.600,1139,50043
2026-06-04 11:15:00,2893.600,2897.000,2887.800,2889.000,43,49930
2026-06-04 11:30:00,2889.200,2891.600,2885.200,2888.000,1312,49934
2026-06-04 13:15:00,2888.600,2892.000,2883.200,2886.600,1592,49865
2026-06-04 13:30:00,2886.600,2887.600,2881.800,2882.600,958,50048
2026-06-04 13:45:00,2882.800,2882.800,2874.600,2879.800,2312,50374
2026-06-04 14:00:00,2877.600,2880.600,2873.600,2876.800,1607,50687
2026-06-04 14:15:00,2876.800,2882.000,2876.000,2877.200,1377,50911
2026-06-04 14:30:00,2877.600,2877.600,2865.600,2870.600,2623,51354
2026-06-04 14:45:00,2871.200,2874.600,2868.000,2871.800,699,51936
2026-06-04 15:00:00,2870.000,2875.000,2869.200,2871.800,167,52837
2026-06-05 09:45:00,2874.000,2888.400,2857.000,2885.200,8840,50388
2026-06-05 10:00:00,2886.200,2892.800,2883.800,2890.200,4038,49992
2026-06-05 10:15:00,2890.200,2892.400,2885.600,2890.200,1844,49952
2026-06-05 10:30:00,2890.400,2892.000,2885.800,2890.400,1401,50063
2026-06-05 10:45:00,2889.600,2892.000,2878.800,2881.000,1936,50199
2026-06-05 11:00:00,2887.200,2890.000,2880.600,2883.400,2129,50474
2026-06-05 11:15:00,2885.600,2888.600,2881.200,2884.600,272,50630
2026-06-05 11:30:00,2884.400,2887.000,2880.200,2883.000,1307,50611
2026-06-05 13:15:00,2884.400,2886.800,2874.600,2874.800,1702,51182
2026-06-05 13:30:00,2874.800,2877.600,2872.000,2872.800,1493,51517
2026-06-05 13:45:00,2872.800,2872.800,2866.800,2868.600,2128,52419
2026-06-05 14:00:00,2870.200,2871.000,2860.000,2860.000,1393,52968
2026-06-05 14:15:00,2854.000,2860.000,2852.200,2855.800,2796,54128
2026-06-05 14:30:00,2855.800,2856.800,2850.200,2851.800,1637,54951
2026-06-05 14:45:00,2851.400,2853.200,2842.000,2846.000,3121,56213
2026-06-05 15:00:00,2846.000,2846.800,2841.600,2844.000,1921,57634
2026-06-08 09:45:00,2820.000,2831.600,2813.200,2827.400,9506,54172
2026-06-08 10:00:00,2827.400,2827.400,2818.400,2822.000,26,53660
2026-06-08 10:15:00,2819.400,2821.800,2810.400,2817.400,191,53014
2026-06-08 10:30:00,2817.400,2820.600,2810.800,2819.600,5,52471
2026-06-08 10:45:00,2819.600,2830.400,2818.000,2828.800,932,51908
2026-06-08 11:00:00,2829.000,2833.200,2827.200,2829.800,52,51787
2026-06-08 11:15:00,2830.000,2831.000,2823.000,2825.400,63,51823
2026-06-08 11:30:00,2825.200,2826.200,2819.400,2821.600,249,51918
2026-06-08 13:15:00,2821.400,2822.400,2812.600,2813.800,21,52259
2026-06-08 13:30:00,2813.800,2814.600,2806.200,2808.800,15,52655
2026-06-08 13:45:00,2809.000,2810.000,2794.200,2794.800,204,53060
2026-06-08 14:00:00,2794.800,2804.600,2791.400,2802.200,382,53627
2026-06-08 14:15:00,2802.400,2809.600,2801.600,2801.800,2,54306
2026-06-08 14:30:00,2801.600,2815.800,2801.600,2815.400,11,54902
2026-06-08 14:45:00,2815.600,2815.600,2803.000,2809.000,383,55447
2026-06-08 15:00:00,2812.600,2813.800,2803.200,2813.000,792,56466
