datetime,J2409
2023-09-15,2295.0
2023-09-18,2340.0
2023-09-19,2360.0
2023-09-20,2370.0
2023-09-21,2300.0
2023-09-22,2322.0
2023-09-25,2321.0
2023-09-26,2231.0
2023-09-27,2216.5
2023-09-28,2322.5
2023-10-09,2253.0
2023-10-10,2165.0
2023-10-11,2140.0
2023-10-12,2190.0
2023-10-13,2163.0
2023-10-16,2235.5
2023-10-17,2202.5
2023-10-18,2161.5
2023-10-19,2172.0
2023-10-20,2143.0
2023-10-23,2139.0
2023-10-24,2184.5
2023-10-25,2270.0
2023-10-26,2259.0
2023-10-27,2307.0
2023-10-30,2322.0
2023-10-31,2306.5
2023-11-01,2295.5
2023-11-02,2256.5
2023-11-03,2333.0
2023-11-06,2355.0
2023-11-07,2357.5
2023-11-08,2393.5
2023-11-09,2390.0
2023-11-10,2421.5
2023-11-13,2401.0
2023-11-14,2408.5
2023-11-15,2438.0
2023-11-16,2521.0
2023-11-17,2478.0
2023-11-20,2507.5
2023-11-21,2497.5
2023-11-22,2485.0
2023-11-23,2474.0
2023-11-24,2575.0
2023-11-27,2624.0
2023-11-28,2574.5
2023-11-29,2548.5
2023-11-30,2525.0
2023-12-01,2553.5
2023-12-04,2463.0
2023-12-05,2435.5
2023-12-06,2466.0
2023-12-07,2567.5
2023-12-08,2562.0
2023-12-11,2550.5
2023-12-12,2590.0
2023-12-13,2497.0
2023-12-14,2474.5
2023-12-15,2463.5
2023-12-18,2455.0
2023-12-19,2451.5
2023-12-20,2450.0
2023-12-21,2442.0
2023-12-22,2516.5
2023-12-25,2463.0
2023-12-26,2451.0
2023-12-27,2450.0
2023-12-28,2414.5
2023-12-29,2433.0
2024-01-02,2461.5
2024-01-03,2497.0
2024-01-04,2437.0
2024-01-05,2386.0
2024-01-08,2360.5
2024-01-09,2342.5
2024-01-10,2328.5
2024-01-11,2355.0
2024-01-12,2342.0
2024-01-15,2356.0
2024-01-16,2368.5
2024-01-17,2356.5
2024-01-18,2384.5
2024-01-19,2394.0
2024-01-22,2394.0
2024-01-23,2423.5
2024-01-24,2443.0
2024-01-25,2434.0
2024-01-26,2403.0
2024-01-29,2390.0
2024-01-30,2350.5
2024-01-31,2303.0
2024-02-01,2314.5
2024-02-02,2289.5
2024-02-05,2293.0
2024-02-06,2286.5
2024-02-07,2283.0
2024-02-08,2334.5
2024-02-19,2240.5
2024-02-20,2220.5
2024-02-21,2311.5
2024-02-22,2363.5
2024-02-23,2333.0
2024-02-26,2287.0
2024-02-27,2363.0
2024-02-28,2360.0
2024-02-29,2349.0
2024-03-01,2340.0
2024-03-04,2333.0
2024-03-05,2310.0
2024-03-06,2286.0
2024-03-07,2297.5
2024-03-08,2305.0
2024-03-11,2263.0
2024-03-12,2286.5
2024-03-13,2250.0
2024-03-14,2233.0
2024-03-15,2198.0
2024-03-18,2196.0
2024-03-19,2224.0
2024-03-20,2214.0
2024-03-21,2225.5
2024-03-22,2221.5
2024-03-25,2202.5
2024-03-26,2154.5
2024-03-27,2131.0
2024-03-28,2117.5
2024-03-29,2069.0
2024-04-01,2075.0
2024-04-02,2068.0
2024-04-03,2060.0
2024-04-08,2086.0
2024-04-09,2118.0
2024-04-10,2118.0
2024-04-11,2182.0
2024-04-12,2236.0
2024-04-15,2258.5
2024-04-16,2235.0
2024-04-17,2288.0
2024-04-18,2301.0
2024-04-19,2308.0
2024-04-22,2297.0
2024-04-23,2263.0
2024-04-24,2316.0
2024-04-25,2324.0
2024-04-26,2357.5
2024-04-29,2348.5
2024-04-30,2355.0
2024-05-06,2419.0
2024-05-07,2387.0
2024-05-08,2311.0
2024-05-09,2297.0
2024-05-10,2269.0
2024-05-13,2258.0
2024-05-14,2190.0
2024-05-15,2185.5
2024-05-16,2232.5
2024-05-17,2264.0
2024-05-20,2278.0
2024-05-21,2269.5
2024-05-22,2354.0
2024-05-23,2339.0
2024-05-24,2374.5
2024-05-27,2340.5
2024-05-28,2316.5
2024-05-29,2367.0
2024-05-30,2334.5
2024-05-31,2273.0
2024-06-03,2269.0
2024-06-04,2250.5
2024-06-05,2237.0
2024-06-06,2242.5
2024-06-07,2252.0
2024-06-11,2201.5
2024-06-12,2236.0
2024-06-13,2263.0
2024-06-14,2331.0
2024-06-17,2276.0
2024-06-18,2270.5
2024-06-19,2289.5
2024-06-20,2249.5
2024-06-21,2215.0
2024-06-24,2195.0
2024-06-25,2209.0
2024-06-26,2277.0
2024-06-27,2232.5
2024-06-28,2250.0
2024-07-01,2310.0
2024-07-02,2313.5
2024-07-03,2359.0
2024-07-04,2336.0
2024-07-05,2253.5
2024-07-08,2227.0
2024-07-09,2242.5
2024-07-10,2215.0
2024-07-11,2232.0
2024-07-12,2244.0
2024-07-15,2290.0
2024-07-16,2288.0
2024-07-17,2232.0
2024-07-18,2219.5
2024-07-19,2182.0
2024-07-22,2138.5
2024-07-23,2095.0
2024-07-24,2096.5
2024-07-25,2062.0
2024-07-26,2085.0
2024-07-29,2069.5
2024-07-30,2022.0
2024-07-31,2036.5
2024-08-01,2013.5
2024-08-02,2016.0
2024-08-05,2009.5
2024-08-06,1992.0
2024-08-07,1994.0
2024-08-08,1966.0
2024-08-09,1966.0
2024-08-12,1912.5
2024-08-13,1888.0
2024-08-14,1853.0
2024-08-15,1879.0
2024-08-16,1825.5
2024-08-19,1842.5
2024-08-20,1862.5
2024-08-21,1921.0
2024-08-22,1895.0
2024-08-23,1867.0
2024-08-26,1881.0
2024-08-27,1883.5
2024-08-28,1924.0
2024-08-29,1909.5
2024-08-30,1858.0
2024-09-02,1805.0
2024-09-03,1790.0
2024-09-04,1684.0
2024-09-05,1659.0
2024-09-06,1640.0
2024-09-09,1652.0
2024-09-10,1695.5
2024-09-11,1718.0
2024-09-12,1718.0
2024-09-13,1787.0
