datetime,JM2301
2022-01-18,2011.0
2022-01-19,2069.0
2022-01-20,2058.0
2022-01-21,1980.5
2022-01-24,1970.0
2022-01-25,1968.0
2022-01-27,2031.5
2022-01-28,2044.0
2022-02-07,2076.5
2022-02-08,2148.5
2022-02-09,2129.5
2022-02-10,2106.5
2022-02-11,2150.0
2022-02-14,2176.0
2022-02-15,2130.0
2022-02-17,2150.0
2022-02-18,2220.0
2022-02-21,2304.5
2022-02-22,2337.5
2022-02-23,2329.0
2022-02-24,2323.0
2022-02-25,2180.0
2022-02-28,2268.5
2022-03-01,2395.5
2022-03-02,2436.0
2022-03-03,2481.5
2022-03-04,2471.5
2022-03-07,2618.0
2022-03-08,2530.0
2022-03-09,2560.0
2022-03-10,2522.5
2022-03-11,2460.0
2022-03-14,2400.0
2022-03-15,2410.0
2022-03-16,2509.0
2022-03-17,2504.5
2022-03-18,2673.0
2022-03-21,2650.0
2022-03-22,2656.0
2022-03-23,2733.0
2022-03-24,2750.0
2022-03-25,2840.0
2022-03-28,2832.5
2022-03-29,2880.0
2022-03-30,2807.0
2022-03-31,2834.0
2022-04-01,2825.5
2022-04-06,2811.5
2022-04-07,2738.0
2022-04-08,2736.5
2022-04-11,2710.0
2022-04-12,2833.0
2022-04-13,2803.5
2022-04-14,2924.5
2022-04-15,2970.5
2022-04-18,2950.5
2022-04-19,2874.5
2022-04-20,2872.0
2022-04-21,2900.0
2022-04-22,2831.5
2022-04-25,2721.5
2022-04-26,2759.5
2022-04-27,2691.5
2022-04-28,2700.0
2022-04-29,2675.0
2022-05-05,2603.5
2022-05-06,2557.5
2022-05-09,2505.5
2022-05-10,2475.0
2022-05-11,2520.5
2022-05-12,2411.0
2022-05-13,2444.0
2022-05-16,2548.5
2022-05-17,2560.0
2022-05-18,2459.0
2022-05-19,2487.0
2022-05-20,2528.5
2022-05-23,2424.0
2022-05-24,2361.0
2022-05-25,2373.5
2022-05-26,2336.5
2022-05-27,2409.0
2022-05-30,2501.0
2022-05-31,2528.0
2022-06-01,2614.0
2022-06-02,2626.0
2022-06-06,2700.0
2022-06-07,2677.0
2022-06-08,2734.0
2022-06-09,2702.0
2022-06-10,2684.0
2022-06-13,2684.5
2022-06-14,2656.0
2022-06-15,2510.0
2022-06-16,2470.5
2022-06-17,2435.0
2022-06-20,2217.0
2022-06-21,2199.0
2022-06-22,2175.0
2022-06-23,2257.0
2022-06-24,2176.5
2022-06-27,2255.5
2022-06-28,2365.0
2022-06-29,2342.0
2022-06-30,2225.0
2022-07-01,2147.0
2022-07-04,2079.0
2022-07-05,2110.0
2022-07-06,2110.0
2022-07-07,2096.5
2022-07-08,2006.5
2022-07-11,1996.5
2022-07-12,1935.5
2022-07-13,1906.0
2022-07-14,1851.0
2022-07-15,1736.0
2022-07-18,1829.0
2022-07-19,1761.0
2022-07-20,1750.0
2022-07-21,1721.0
2022-07-22,1748.0
2022-07-25,1776.0
2022-07-26,1789.0
2022-07-27,1811.0
2022-07-28,2013.0
2022-07-29,1996.0
2022-08-01,1927.0
2022-08-02,2005.0
2022-08-03,1956.0
2022-08-04,1869.0
2022-08-05,1866.0
2022-08-08,1940.5
2022-08-09,1968.0
2022-08-10,1914.0
2022-08-11,1946.0
2022-08-12,1988.0
2022-08-15,1950.5
2022-08-16,1983.0
2022-08-17,1913.5
2022-08-18,1888.5
2022-08-19,1871.5
2022-08-22,1961.0
2022-08-23,1958.5
2022-08-24,1948.0
2022-08-25,1960.5
2022-08-26,2050.0
2022-08-29,1963.5
2022-08-30,1868.0
2022-08-31,1869.0
2022-09-01,1818.0
2022-09-02,1850.0
2022-09-05,1872.5
2022-09-06,1856.0
2022-09-07,1822.5
2022-09-08,1865.5
2022-09-09,1903.0
2022-09-13,1968.5
2022-09-14,1955.5
2022-09-15,2012.5
2022-09-16,2013.0
2022-09-19,2036.0
2022-09-20,2015.0
2022-09-21,2056.0
2022-09-22,2082.5
2022-09-23,2080.5
2022-09-26,2077.0
2022-09-27,2132.0
2022-09-28,2097.0
2022-09-29,2106.0
2022-09-30,2107.0
2022-10-10,2218.5
2022-10-11,2176.0
2022-10-12,2143.0
2022-10-13,2117.5
2022-10-14,2169.0
2022-10-17,2063.5
2022-10-18,2037.5
2022-10-19,2042.5
2022-10-20,2004.0
2022-10-21,2030.0
2022-10-24,2050.0
2022-10-25,1966.0
2022-10-26,1957.5
2022-10-27,1943.0
2022-10-28,1925.0
2022-10-31,1865.0
2022-11-01,1941.5
2022-11-02,1961.5
2022-11-03,1974.0
2022-11-04,2065.0
2022-11-07,2067.5
2022-11-08,2089.0
2022-11-09,2094.0
2022-11-10,2032.0
2022-11-11,2126.5
2022-11-14,2122.5
2022-11-15,2160.0
2022-11-16,2167.0
2022-11-17,2170.0
2022-11-18,2193.5
2022-11-21,2129.0
2022-11-22,2084.5
2022-11-23,2137.0
2022-11-24,2157.5
2022-11-25,2203.0
2022-11-28,2187.5
2022-11-29,2246.0
2022-11-30,2233.0
2022-12-01,2172.0
2022-12-02,2200.0
2022-12-05,2223.0
2022-12-06,2176.0
2022-12-07,2156.0
2022-12-08,2220.0
2022-12-09,2290.5
2022-12-12,2334.0
2022-12-13,2339.5
2022-12-14,2385.0
2022-12-15,2414.0
2022-12-16,2404.0
2022-12-19,2357.5
2022-12-20,2363.0
2022-12-21,2411.5
2022-12-22,2370.0
2022-12-23,2393.5
2022-12-26,2459.0
2022-12-27,2505.5
2022-12-28,2471.0
2022-12-29,2460.5
2022-12-30,2500.0
2023-01-03,2448.0
2023-01-04,2510.0
2023-01-05,2517.5
2023-01-06,2463.5
2023-01-09,2506.5
2023-01-10,2521.5
2023-01-11,2525.5
2023-01-12,2543.0
2023-01-13,2582.0
2023-01-16,2610.0
